country,port_name,terminal_operator,max_loa_m,max_beam_m,max_draft_m,handling_rate,max_vessel_class,loading_method,notes,source_url
Australia,Newcastle - Kooragang,Port Waratah Coal Services (PWCS),300,50,15.2,Up to 10500 tph,Capesize (up to 210000 DWT),Fixed berth,Sailing draft is tide/UKC dependent,https://pwcs.com.au/storage/app/media/PDFs-Documents/Vessels/2022-coal-terminals-information-handbook-revision-63-email-version.pdf
Australia,Newcastle - Carrington,Port Waratah Coal Services (PWCS),270,47,not published,Up to 2500 tph per shiploader,Panamax (up to 180000 DWT),Fixed berth,LOA extendable to 275m with approval,https://pwcs.com.au/storage/app/media/PDFs-Documents/Vessels/2022-coal-terminals-information-handbook-revision-63-email-version.pdf
Australia,Newcastle - NCIG,Newcastle Coal Infrastructure Group (NCIG),300,50,13.8,Up to 10500 tph,Capesize (min 35000 DWT),Fixed berth,Draft after tide and 10% UKC allowance,https://ncig.com.au/wp-content/uploads/2022/03/OPS.07.02-NCIG-CET-Operations-Handbook-Version-6-_-FINAL.pdf
Australia,Hay Point Coal Terminal,North Queensland Bulk Ports (NQBP),not published,60.9 (berth pocket),18.6 (Berth 3),4500-8400 tph by berth,Capesize (up to 230000 DWT at Berth 2),Fixed berth (3 berths),,https://nqbp.com.au/trade/berths-and-wharf-capability
Australia,Dalrymple Bay Coal Terminal,DBCT Management,320,52,16.24,7200-8650 tph per shiploader (3 loaders),Capesize (40000-220000 DWT),Fixed berth (4 berths),,https://static1.squarespace.com/static/5bb1dc42a9ab951b31ea27db/t/68d219d7aeab394b43af0b72/1758599639386/DBCT_Terminal+Information+Booklet_Digital.pdf
Australia,Abbot Point Coal Terminal,North Queensland Bulk Ports (NQBP),not published,70 (berth pocket),not published,6000-7200 tph (2 shiploaders),Capesize (typical),Fixed berth (2 berths),,https://nqbp.com.au/trade/berths-and-wharf-capability
Indonesia,Taboneo (Banjarmasin anchorage),Various (barge operators),~100 (barges only),not published,6.4 (+/-1.5 tide at berth; deeper at anchorage),600 tph per conveyor line; 15000-40000 t/day via grab/floating crane,Bulkers loaded via barge/floating-crane transshipment,Anchorage transshipment (no fixed deepwater berth),Ocean vessel LOA not published; loading entirely via barge and floating crane,https://www.gem.wiki/Taboneo_anchorage
Mozambique,Beira,CFM / Cornelder de Mocambique,140 (night-nav limit),not published,7 (night-nav limit; piers 8-12m; channel ~11m),not published (rail feed ~6.5 Mt/yr),Smaller/medium bulkers at pier; larger via offshore transshipment,Fixed pier (limited) + offshore transshipment,Channel/pier depth restricts direct berthing of large bulkers,https://delagoasl.com/wp-content/uploads/2023/01/Port-of-Beira-information.pdf
United States,Norfolk - Lamberts Point Pier 6,Norfolk Southern,305,53,not published (air draft 22.6m),16000-20000 tons/hr design/max (dumper ~8000 tons/hr),Capesize (colliers >165000 tons cargo),Fixed berth,Loading-rate sources vary by equipment (car dumpers vs shiploaders),https://vamaritime.com/VirginiaPortsAnnual/VirginiaPortsAnnual/Port-Facilities/Coal.aspx
United States,Newport News - Kinder Morgan Pier IX,Kinder Morgan,305,47,15.2 (50ft MLW channel; air draft 19.8m),8000 tons/hr design; loads 85000-90000 ton colliers/day,Capesize,Fixed berth,,https://vamaritime.com/VirginiaPortsAnnual/VirginiaPortsAnnual/Port-Facilities/Coal.aspx
United States,Baltimore - CNX Marine Terminal (Curtis Bay),CNX Resources,381,53,14.3 (47ft),7000 short tons/hr shiploader,Panamax/Capesize,Fixed berth,Air draft 16.8m (55ft),https://www.moranshipping.com/locations/ports/baltimore-md/terminals/cnx-marine-and-coal-terminal
Russia,Nakhodka,Nakhodka Commercial Sea Port,199,not published,11.0,~12 Mtpa terminal aggregate (16.2 Mt coal across 7 terminals in 2019),Handysize/Handymax (~35000 DWT),Fixed berth (multiple stevedoring terminals),Coal handling split across several smaller terminals without individually published limits,https://www.gem.wiki/Port_of_Nakhodka
Russia,Vostochny,Vostochny Port (VPK),300,not published,16.5 (planned increase to 18-19m; fairway depth up to 22m),4 shiploaders x ~3000 tph; Phase 3 reclaimers 3500 tph; ~23.5 Mtpa (2016) plus Phase 3 +20 Mtpa,Capesize (~180000 DWT),Fixed berth,LOA reflects two Capesize vessels moored simultaneously; quay wall extended to 355m,https://en.portnews.ru/news/350496/
