snapshot_date,port,berth_name,status,remarks
2026-08-10,GOPALPUR,MPB-2,Vacant,
2026-08-10,GOPALPUR,MPB-3,Vacant,
2026-08-10,KRISHNAPATNAM,LB,Vacant,
2026-08-10,KRISHNAPATNAM,WB-1,Vacant,
2026-08-10,KRISHNAPATNAM,S4A,Vacant,
2026-08-10,KRISHNAPATNAM,8,Vacant,
2026-08-10,KRISHNAPATNAM,1,Vacant,
2026-08-10,KRISHNAPATNAM,B1A,Vacant,
2026-08-10,KATTUPALLI,CB1,Vacant,
2026-08-10,KATTUPALLI,CB2,Vacant,
2026-08-10,KATTUPALLI,CB3,Vacant,
2026-08-10,KATTUPALLI,CB2-C,Vacant,
2026-08-10,DHAMRA,B - 1/17.2/350,Vacant,
2026-08-10,DHAMRA,B- 2/17.2/350,Vacant,
2026-08-10,DHAMRA,B-3N / 17,Vacant,
2026-08-10,GANGAVARAM,B5,Vacant,
2026-08-10,GANGAVARAM,B9,Vacant,
2026-08-10,VISAKHAPATNAM,OB-2,Vacant,
2026-08-10,VISAKHAPATNAM,C.THERMAL,Vacant,
2026-08-10,VISAKHAPATNAM,CB-1,Vacant,
2026-08-10,VISAKHAPATNAM,CB-2,Vacant,
2026-08-10,VISAKHAPATNAM,SPM,Vacant,
2026-08-10,VISAKHAPATNAM,OSIT,Vacant,
2026-08-10,VISAKHAPATNAM,OSIT A/S,Vacant,
2026-08-10,VISAKHAPATNAM,LPG,Vacant,
2026-08-10,VISAKHAPATNAM,LPG A/S,Vacant,
2026-08-10,VISAKHAPATNAM,HSY JETTY,Vacant,
2026-08-10,VISAKHAPATNAM,BB1,Vacant,
2026-08-10,VISAKHAPATNAM,BB2,Vacant,
2026-08-10,VISAKHAPATNAM,NAVEL JETTY,Vacant,
2026-08-10,VISAKHAPATNAM,AVCTPL[EQ-1A],Vacant,
2026-08-10,VISAKHAPATNAM,[EQ-1] (ADANI),Vacant,
2026-08-10,VISAKHAPATNAM,EQ-5,Vacant,
2026-08-10,VISAKHAPATNAM,EQ-10 (EIPL)AVR INFRA,Vacant,
2026-08-10,VISAKHAPATNAM,GR.CH.B,Vacant,
2026-08-10,VISAKHAPATNAM,WQ-1 RE,Vacant,
2026-08-10,VISAKHAPATNAM,WQ-4,Vacant,
2026-08-10,VISAKHAPATNAM,WQ-5,Vacant,
2026-08-10,VISAKHAPATNAM,WQ-8,Vacant,
2026-08-10,VISAKHAPATNAM,F.B,Vacant,
2026-08-11,GOPALPUR,MPB-1,Vacant,
2026-08-11,GOPALPUR,MPB-2,Vacant,
2026-08-11,GOPALPUR,MPB-3,Vacant,
2026-08-11,KRISHNAPATNAM,LB,Vacant,
2026-08-11,KRISHNAPATNAM,S4A,Vacant,
2026-08-11,KRISHNAPATNAM,8,Vacant,
2026-08-11,KRISHNAPATNAM,1,Vacant,
2026-08-11,KRISHNAPATNAM,B1A,Vacant,
2026-08-11,KATTUPALLI,CB1,Vacant,
2026-08-11,KATTUPALLI,CB2,Vacant,
2026-08-11,KATTUPALLI,CB3,Vacant,
2026-08-11,KATTUPALLI,CB2-C,Vacant,
2026-08-11,DHAMRA,B - 1/17.2/350,Vacant,
2026-08-11,DHAMRA,B- 2/17.2/350,Vacant,
2026-08-11,DHAMRA,B-3N / 17,Vacant,
2026-08-11,GANGAVARAM,B3,Vacant,
2026-08-11,GANGAVARAM,B5,Vacant,
2026-08-11,GANGAVARAM,B9,Vacant,
2026-08-11,VISAKHAPATNAM,OB-2,Vacant,
2026-08-11,VISAKHAPATNAM,C.THERMAL,Vacant,
2026-08-11,VISAKHAPATNAM,CB-1,Vacant,
2026-08-11,VISAKHAPATNAM,CB-2,Vacant,
2026-08-11,VISAKHAPATNAM,SPM,Vacant,
2026-08-11,VISAKHAPATNAM,OSIT,Vacant,
2026-08-11,VISAKHAPATNAM,OSIT A/S,Vacant,
2026-08-11,VISAKHAPATNAM,LPG,Vacant,
2026-08-11,VISAKHAPATNAM,LPG A/S,Vacant,
2026-08-11,VISAKHAPATNAM,HSY JETTY,Vacant,
2026-08-11,VISAKHAPATNAM,BB1,Vacant,
2026-08-11,VISAKHAPATNAM,BB2,Vacant,
2026-08-11,VISAKHAPATNAM,NAVEL JETTY,Vacant,
2026-08-11,VISAKHAPATNAM,[EQ-1] (ADANI),Vacant,
2026-08-11,VISAKHAPATNAM,EQ-5,Vacant,
2026-08-11,VISAKHAPATNAM,EQ-10 (EIPL)AVR INFRA,Vacant,
2026-08-11,VISAKHAPATNAM,GR.CH.B,Vacant,
2026-08-11,VISAKHAPATNAM,WQ-1 RE,Vacant,
2026-08-11,VISAKHAPATNAM,WQ-4,Vacant,
2026-08-11,VISAKHAPATNAM,WQ-6,Vacant,
2026-08-11,VISAKHAPATNAM,WQ-8,Vacant,
2026-08-11,VISAKHAPATNAM,F.B,Vacant,
2026-08-12,GOPALPUR,MPB-1,Vacant,
2026-08-12,GOPALPUR,MPB-2,Vacant,
2026-08-12,GOPALPUR,MPB-3,Vacant,
2026-08-12,KRISHNAPATNAM,LB,Vacant,
2026-08-12,KRISHNAPATNAM,WB-3,Vacant,
2026-08-12,KRISHNAPATNAM,S4A,Vacant,
2026-08-12,KRISHNAPATNAM,S4,Vacant,
2026-08-12,KRISHNAPATNAM,6,Vacant,
2026-08-12,KRISHNAPATNAM,1,Vacant,
2026-08-12,KRISHNAPATNAM,B1A,Vacant,
2026-08-12,KATTUPALLI,CB1,Vacant,
2026-08-12,KATTUPALLI,CB2,Vacant,
2026-08-12,KATTUPALLI,CB2-C,Vacant,
2026-08-12,DHAMRA,B - 1/17.2/350,Vacant,
2026-08-12,DHAMRA,B- 2/17.2/350,Vacant,
2026-08-12,DHAMRA,B-3N / 17,Vacant,
2026-08-12,GANGAVARAM,B3,Vacant,
2026-08-12,GANGAVARAM,B5,Vacant,
2026-08-12,GANGAVARAM,B7,Vacant,
2026-08-12,VISAKHAPATNAM,OB-1,Vacant,
2026-08-12,VISAKHAPATNAM,C.THERMAL,Vacant,
2026-08-12,VISAKHAPATNAM,CB-1,Vacant,
2026-08-12,VISAKHAPATNAM,CB-2,Vacant,
2026-08-12,VISAKHAPATNAM,CB-4,Vacant,
2026-08-12,VISAKHAPATNAM,SPM,Vacant,
2026-08-12,VISAKHAPATNAM,OSIT,Vacant,
2026-08-12,VISAKHAPATNAM,OSIT A/S,Vacant,
2026-08-12,VISAKHAPATNAM,LPG A/S,Vacant,
2026-08-12,VISAKHAPATNAM,HSY JETTY,Vacant,
2026-08-12,VISAKHAPATNAM,BB1,Vacant,
2026-08-12,VISAKHAPATNAM,BB2,Vacant,
2026-08-12,VISAKHAPATNAM,NAVEL JETTY,Vacant,
2026-08-12,VISAKHAPATNAM,[EQ-1] (ADANI),Vacant,
2026-08-12,VISAKHAPATNAM,EQ-5,Vacant,
2026-08-12,VISAKHAPATNAM,EQ-9 (VSPL),Vacant,
2026-08-12,VISAKHAPATNAM,EQ-10 (EIPL)AVR INFRA,Vacant,
2026-08-12,VISAKHAPATNAM,GR.CH.B,Vacant,
2026-08-12,VISAKHAPATNAM,WQ-1 RE,Vacant,
2026-08-12,VISAKHAPATNAM,WQ-4,Vacant,
2026-08-12,VISAKHAPATNAM,WQ-8,Vacant,
2026-08-12,VISAKHAPATNAM,F.B,Vacant,
2026-08-13,GOPALPUR,MPB-1,Vacant,
2026-08-13,GOPALPUR,MPB-2,Vacant,
2026-08-13,GOPALPUR,MPB-3,Vacant,
2026-08-13,KRISHNAPATNAM,LB,Vacant,
2026-08-13,KRISHNAPATNAM,S4A,Vacant,
2026-08-13,KRISHNAPATNAM,S4,Vacant,
2026-08-13,KRISHNAPATNAM,7,Vacant,
2026-08-13,KRISHNAPATNAM,2,Vacant,
2026-08-13,KRISHNAPATNAM,1,Vacant,
2026-08-13,KRISHNAPATNAM,B1A,Vacant,
2026-08-13,KATTUPALLI,CB1,Vacant,
2026-08-13,KATTUPALLI,CB2,Vacant,
2026-08-13,KATTUPALLI,CB3,Vacant,
2026-08-13,KATTUPALLI,CB2-C,Vacant,
2026-08-13,DHAMRA,B- 2/17.2/350,Vacant,
2026-08-13,DHAMRA,B-3N / 17,Vacant,
2026-08-13,GANGAVARAM,B2,Vacant,
2026-08-13,GANGAVARAM,B6,Vacant,
2026-08-13,GANGAVARAM,B7,Vacant,
2026-08-13,VISAKHAPATNAM,OB-2,Vacant,
2026-08-13,VISAKHAPATNAM,C.THERMAL,Vacant,
2026-08-13,VISAKHAPATNAM,CB-1,Vacant,
2026-08-13,VISAKHAPATNAM,CB-2,Vacant,
2026-08-13,VISAKHAPATNAM,CB-3,Vacant,
2026-08-13,VISAKHAPATNAM,CB-4,Vacant,
2026-08-13,VISAKHAPATNAM,SPM,Vacant,
2026-08-13,VISAKHAPATNAM,OSIT,Vacant,
2026-08-13,VISAKHAPATNAM,OSIT A/S,Vacant,
2026-08-13,VISAKHAPATNAM,LPG A/S,Vacant,
2026-08-13,VISAKHAPATNAM,HSY JETTY,Vacant,
2026-08-13,VISAKHAPATNAM,BB1,Vacant,
2026-08-13,VISAKHAPATNAM,BB2,Vacant,
2026-08-13,VISAKHAPATNAM,NAVEL JETTY,Vacant,
2026-08-13,VISAKHAPATNAM,[EQ-1] (ADANI),Vacant,
2026-08-13,VISAKHAPATNAM,EQ-5,Vacant,
2026-08-13,VISAKHAPATNAM,EQ-6,Vacant,
2026-08-13,VISAKHAPATNAM,EQ-7,Vacant,
2026-08-13,VISAKHAPATNAM,EQ-9 (VSPL),Vacant,
2026-08-13,VISAKHAPATNAM,EQ-10 (EIPL)AVR INFRA,Vacant,
2026-08-13,VISAKHAPATNAM,GR.CH.B,Vacant,
2026-08-13,VISAKHAPATNAM,WQ-1 RE,Vacant,
2026-08-13,VISAKHAPATNAM,WQ-8,Vacant,
2026-08-13,VISAKHAPATNAM,OR-2,Vacant,
2026-08-13,VISAKHAPATNAM,F.B,Vacant,
2026-08-17,GOPALPUR,MPB-1,Vacant,
2026-08-17,GOPALPUR,MPB-2,Vacant,
2026-08-17,GOPALPUR,MPB-3,Vacant,
2026-08-17,KRISHNAPATNAM,LB,Vacant,
2026-08-17,KRISHNAPATNAM,S4A,Vacant,
2026-08-17,KRISHNAPATNAM,1,Vacant,
2026-08-17,KRISHNAPATNAM,B1A,Vacant,
2026-08-17,KATTUPALLI,CB1,Vacant,
2026-08-17,KATTUPALLI,CB2,Vacant,
2026-08-17,KATTUPALLI,CB3,Vacant,
2026-08-17,KATTUPALLI,CB2-C,Vacant,
2026-08-17,DHAMRA,B - 1/17.2/350,Vacant,
2026-08-17,DHAMRA,B- 2/17.2/350,Vacant,
2026-08-17,DHAMRA,B-3N / 17,Vacant,
2026-08-17,GANGAVARAM,B1,Vacant,
2026-08-17,GANGAVARAM,B2,Vacant,
2026-08-17,GANGAVARAM,B3,Vacant,
2026-08-17,GANGAVARAM,B4,Vacant,
2026-08-17,GANGAVARAM,B5,Vacant,
2026-08-17,GANGAVARAM,B6,Vacant,
2026-08-17,GANGAVARAM,B7,Vacant,
2026-08-17,GANGAVARAM,B8,Vacant,
2026-08-17,VISAKHAPATNAM,OB-1,Vacant,
2026-08-17,VISAKHAPATNAM,OB-2,Vacant,
2026-08-17,VISAKHAPATNAM,C.THERMAL,Vacant,
2026-08-17,VISAKHAPATNAM,CB-4,Vacant,
2026-08-17,VISAKHAPATNAM,OSIT,Vacant,
2026-08-17,VISAKHAPATNAM,OSIT A/S,Vacant,
2026-08-17,VISAKHAPATNAM,LPG A/S,Vacant,
2026-08-17,VISAKHAPATNAM,HSY JETTY,Vacant,
2026-08-17,VISAKHAPATNAM,BB1,Vacant,
2026-08-17,VISAKHAPATNAM,BB2,Vacant,
2026-08-17,VISAKHAPATNAM,NAVEL JETTY,Vacant,
2026-08-17,VISAKHAPATNAM,[EQ-1] (ADANI),Vacant,
2026-08-17,VISAKHAPATNAM,EQ-5,Vacant,
2026-08-17,VISAKHAPATNAM,EQ-7,Vacant,
2026-08-17,VISAKHAPATNAM,EQ-10 (EIPL)AVR INFRA,Vacant,
2026-08-17,VISAKHAPATNAM,GR.CH.B,Vacant,
2026-08-17,VISAKHAPATNAM,WQ-6,Vacant,
2026-08-17,VISAKHAPATNAM,WQ-8,Vacant,
2026-08-17,VISAKHAPATNAM,OR-3,Vacant,
2026-08-17,VISAKHAPATNAM,F.B,Vacant,
2026-08-18,GOPALPUR,MPB-2,Vacant,
2026-08-18,GOPALPUR,MPB-3,Vacant,
2026-08-18,KRISHNAPATNAM,LB,Vacant,
2026-08-18,KRISHNAPATNAM,WB-3,Vacant,
2026-08-18,KRISHNAPATNAM,S4A,Vacant,
2026-08-18,KRISHNAPATNAM,B1A,Vacant,
2026-08-18,KATTUPALLI,CB1,Vacant,
2026-08-18,KATTUPALLI,CB2,Vacant,
2026-08-18,KATTUPALLI,CB2-C,Vacant,
2026-08-18,DHAMRA,B - 1/17.2/350,Vacant,
2026-08-18,DHAMRA,B- 2/17.2/350,Vacant,
2026-08-18,DHAMRA,B-3N / 17,Vacant,
2026-08-18,GANGAVARAM,B1,Vacant,
2026-08-18,GANGAVARAM,B2,Vacant,
2026-08-18,GANGAVARAM,B3,Vacant,
2026-08-18,GANGAVARAM,B4,Vacant,
2026-08-18,GANGAVARAM,B8,Vacant,
2026-08-18,VISAKHAPATNAM,OB-1,Vacant,
2026-08-18,VISAKHAPATNAM,C.THERMAL,Vacant,
2026-08-18,VISAKHAPATNAM,CB-2,Vacant,
2026-08-18,VISAKHAPATNAM,CB-4,Vacant,
2026-08-18,VISAKHAPATNAM,OSIT,Vacant,
2026-08-18,VISAKHAPATNAM,OSIT A/S,Vacant,
2026-08-18,VISAKHAPATNAM,LPG A/S,Vacant,
2026-08-18,VISAKHAPATNAM,HSY JETTY,Vacant,
2026-08-18,VISAKHAPATNAM,BB1,Vacant,
2026-08-18,VISAKHAPATNAM,BB2,Vacant,
2026-08-18,VISAKHAPATNAM,NAVEL JETTY,Vacant,
2026-08-18,VISAKHAPATNAM,EQ-5,Vacant,
2026-08-18,VISAKHAPATNAM,EQ-7,Vacant,
2026-08-18,VISAKHAPATNAM,EQ-10 (EIPL)AVR INFRA,Vacant,
2026-08-18,VISAKHAPATNAM,GR.CH.B,Vacant,
2026-08-18,VISAKHAPATNAM,WQ-8,Vacant,
2026-08-21,GOPALPUR,MPB-3,Vacant,
2026-08-21,KRISHNAPATNAM,WB-3,Vacant,
2026-08-21,KRISHNAPATNAM,WB-1,Vacant,
2026-08-21,KRISHNAPATNAM,S4A,Vacant,
2026-08-21,KRISHNAPATNAM,B1A,Vacant,
2026-08-21,KATTUPALLI,CB1,Vacant,
2026-08-21,KATTUPALLI,CB2,Vacant,
2026-08-21,KATTUPALLI,CB2-C,Vacant,
2026-08-21,DHAMRA,B - 1/17.2/350,Vacant,
2026-08-21,DHAMRA,B- 2/17.2/350,Vacant,
2026-08-21,DHAMRA,B-3N / 17,Vacant,
2026-08-21,GANGAVARAM,B1,Vacant,
2026-08-21,GANGAVARAM,B2,Vacant,
2026-08-21,GANGAVARAM,B3,Vacant,
2026-08-21,GANGAVARAM,B5,Vacant,
2026-08-21,GANGAVARAM,B8,Vacant,
2026-08-21,GANGAVARAM,B9,Vacant,
2026-08-21,VISAKHAPATNAM,OB-1,Vacant,
2026-08-21,VISAKHAPATNAM,OB-2,Vacant,
2026-08-21,VISAKHAPATNAM,C.THERMAL,Vacant,
2026-08-21,VISAKHAPATNAM,CB-2,Vacant,
2026-08-21,VISAKHAPATNAM,CB-4,Vacant,
2026-08-21,VISAKHAPATNAM,SPM,Vacant,
2026-08-21,VISAKHAPATNAM,OSIT,Vacant,
2026-08-21,VISAKHAPATNAM,OSIT A/S,Vacant,
2026-08-21,VISAKHAPATNAM,LPG,Vacant,
2026-08-21,VISAKHAPATNAM,LPG A/S,Vacant,
2026-08-21,VISAKHAPATNAM,HSY JETTY,Vacant,
2026-08-21,VISAKHAPATNAM,BB1,Vacant,
2026-08-21,VISAKHAPATNAM,BB2,Vacant,
2026-08-21,VISAKHAPATNAM,NAVEL JETTY,Vacant,
2026-08-21,VISAKHAPATNAM,[EQ-1] (ADANI),Vacant,
2026-08-21,VISAKHAPATNAM,EQ-5,Vacant,
2026-08-21,VISAKHAPATNAM,EQ-7,Vacant,
2026-08-21,VISAKHAPATNAM,EQ-8 (VSPL),Vacant,
2026-08-21,VISAKHAPATNAM,EQ-9 (VSPL),Vacant,
2026-08-21,VISAKHAPATNAM,EQ-10 (EIPL)AVR INFRA,Vacant,
2026-08-21,VISAKHAPATNAM,GR.CH.B,Vacant,
2026-08-21,VISAKHAPATNAM,WQ-1 RE,Vacant,
2026-08-21,VISAKHAPATNAM,WQ-8,Vacant,
2026-08-24,GOPALPUR,MPB-3,Vacant,
2026-08-24,KRISHNAPATNAM,LB,Vacant,
2026-08-24,KRISHNAPATNAM,S4A,Vacant,
2026-08-24,KRISHNAPATNAM,3,Vacant,
2026-08-24,KRISHNAPATNAM,B1A,Vacant,
2026-08-24,KATTUPALLI,CB1,Vacant,
2026-08-24,KATTUPALLI,CB2,Vacant,
2026-08-24,KATTUPALLI,CB2-C,Vacant,
2026-08-24,DHAMRA,B-3N / 17,Vacant,
2026-08-24,GANGAVARAM,B1,Vacant,
2026-08-24,GANGAVARAM,B2,Vacant,
2026-08-24,GANGAVARAM,B3,Vacant,
2026-08-24,GANGAVARAM,B6,Vacant,
2026-08-24,GANGAVARAM,B7,Vacant,
2026-08-24,GANGAVARAM,B9,Vacant,
2026-08-24,VISAKHAPATNAM,OB-1,Vacant,
2026-08-24,VISAKHAPATNAM,OB-2,Vacant,
2026-08-24,VISAKHAPATNAM,CB-2,Vacant,
2026-08-24,VISAKHAPATNAM,CB-4,Vacant,
2026-08-24,VISAKHAPATNAM,SPM,Vacant,
2026-08-24,VISAKHAPATNAM,OSIT,Vacant,
2026-08-24,VISAKHAPATNAM,OSIT A/S,Vacant,
2026-08-24,VISAKHAPATNAM,LPG A/S,Vacant,
2026-08-24,VISAKHAPATNAM,HSY JETTY,Vacant,
2026-08-24,VISAKHAPATNAM,BB1,Vacant,
2026-08-24,VISAKHAPATNAM,BB2,Vacant,
2026-08-24,VISAKHAPATNAM,NAVEL JETTY,Vacant,
2026-08-24,VISAKHAPATNAM,[EQ-1] (ADANI),Vacant,
2026-08-24,VISAKHAPATNAM,EQ-5,Vacant,
2026-08-24,VISAKHAPATNAM,EQ-7,Vacant,
2026-08-24,VISAKHAPATNAM,EQ-8 (VSPL),Vacant,
2026-08-24,VISAKHAPATNAM,EQ-10 (EIPL)AVR INFRA,Vacant,
2026-08-24,VISAKHAPATNAM,GR.CH.B,Vacant,
2026-08-24,VISAKHAPATNAM,WQ-1 RE,Vacant,
2026-08-24,VISAKHAPATNAM,WQ-8,Vacant,
2026-08-25,GOPALPUR,MPB-2,Vacant,
2026-08-25,GOPALPUR,MPB-3,Vacant,
2026-08-25,KRISHNAPATNAM,LB,Vacant,
2026-08-25,KRISHNAPATNAM,S4A,Vacant,
2026-08-25,KRISHNAPATNAM,1,Vacant,
2026-08-25,KRISHNAPATNAM,B1A,Vacant,
2026-08-25,KATTUPALLI,CB1,Vacant,
2026-08-25,KATTUPALLI,CB2,Vacant,
2026-08-25,KATTUPALLI,CB2-C,Vacant,
2026-08-25,DHAMRA,B-3N / 17,Vacant,
2026-08-25,GANGAVARAM,B1,Vacant,
2026-08-25,GANGAVARAM,B2,Vacant,
2026-08-25,GANGAVARAM,B5,Vacant,
2026-08-25,GANGAVARAM,B7,Vacant,
2026-08-25,GANGAVARAM,B9,Vacant,
2026-08-25,VISAKHAPATNAM,OB-1,Vacant,
2026-08-25,VISAKHAPATNAM,CB-4,Vacant,
2026-08-25,VISAKHAPATNAM,SPM,Vacant,
2026-08-25,VISAKHAPATNAM,OSIT,Vacant,
2026-08-25,VISAKHAPATNAM,OSIT A/S,Vacant,
2026-08-25,VISAKHAPATNAM,LPG A/S,Vacant,
2026-08-25,VISAKHAPATNAM,HSY JETTY,Vacant,
2026-08-25,VISAKHAPATNAM,BB1,Vacant,
2026-08-25,VISAKHAPATNAM,BB2,Vacant,
2026-08-25,VISAKHAPATNAM,NAVEL JETTY,Vacant,
2026-08-25,VISAKHAPATNAM,EQ-5,Vacant,
2026-08-25,VISAKHAPATNAM,EQ-7,Vacant,
2026-08-25,VISAKHAPATNAM,EQ-10 (EIPL)AVR INFRA,Vacant,
2026-08-25,VISAKHAPATNAM,GR.CH.B,Vacant,
2026-08-25,VISAKHAPATNAM,WQ-1 RE,Vacant,
2026-08-25,VISAKHAPATNAM,WQ-8,Vacant,
2026-08-26,GOPALPUR,MPB-3,Vacant,
2026-08-26,KRISHNAPATNAM,LB,Vacant,
2026-08-26,KRISHNAPATNAM,S4A,Vacant,
2026-08-26,KRISHNAPATNAM,1,Vacant,
2026-08-26,KRISHNAPATNAM,B1A,Vacant,
2026-08-26,KATTUPALLI,CB1,Vacant,
2026-08-26,KATTUPALLI,CB2,Vacant,
2026-08-26,KATTUPALLI,CB3,Vacant,
2026-08-26,KATTUPALLI,CB2-C,Vacant,
2026-08-26,DHAMRA,B-3N / 17,Vacant,
2026-08-26,GANGAVARAM,B1,Vacant,
2026-08-26,GANGAVARAM,B2,Vacant,
2026-08-26,GANGAVARAM,B5,Vacant,
2026-08-26,GANGAVARAM,B7,Vacant,
2026-08-26,GANGAVARAM,B9,Vacant,
2026-08-26,VISAKHAPATNAM,OB-1,Vacant,
2026-08-26,VISAKHAPATNAM,CB-1,Vacant,
2026-08-26,VISAKHAPATNAM,CB-4,Vacant,
2026-08-26,VISAKHAPATNAM,SPM,Vacant,
2026-08-26,VISAKHAPATNAM,OSIT,Vacant,
2026-08-26,VISAKHAPATNAM,OSIT A/S,Vacant,
2026-08-26,VISAKHAPATNAM,LPG,Vacant,
2026-08-26,VISAKHAPATNAM,LPG A/S,Vacant,
2026-08-26,VISAKHAPATNAM,HSY JETTY,Vacant,
2026-08-26,VISAKHAPATNAM,BB1,Vacant,
2026-08-26,VISAKHAPATNAM,BB2,Vacant,
2026-08-26,VISAKHAPATNAM,NAVEL JETTY,Vacant,
2026-08-26,VISAKHAPATNAM,EQ-5,Vacant,
2026-08-26,VISAKHAPATNAM,EQ-7,Vacant,
2026-08-26,VISAKHAPATNAM,EQ-10 (EIPL)AVR INFRA,Vacant,
2026-08-26,VISAKHAPATNAM,GR.CH.B,Vacant,
2026-08-26,VISAKHAPATNAM,WQ-1 RE,Vacant,
2026-08-26,VISAKHAPATNAM,WQ-8,Vacant,
2026-08-26,VISAKHAPATNAM,OR-2,Vacant,
2026-08-27,GOPALPUR,MPB-3,Vacant,
2026-08-27,KRISHNAPATNAM,LB,Vacant,
2026-08-27,KRISHNAPATNAM,WB-2,Vacant,
2026-08-27,KRISHNAPATNAM,S4A,Vacant,
2026-08-27,KRISHNAPATNAM,1,Vacant,
2026-08-27,KRISHNAPATNAM,B1A,Vacant,
2026-08-27,KATTUPALLI,CB1,Vacant,
2026-08-27,KATTUPALLI,CB2,Vacant,
2026-08-27,KATTUPALLI,CB3,Vacant,
2026-08-27,KATTUPALLI,CB2-C,Vacant,
2026-08-27,DHAMRA,B -3/17/350,Vacant,
2026-08-27,DHAMRA,B-3N / 17,Vacant,
2026-08-27,GANGAVARAM,B1,Vacant,
2026-08-27,GANGAVARAM,B2,Vacant,
2026-08-27,GANGAVARAM,B4,Vacant,
2026-08-27,GANGAVARAM,B9,Vacant,
2026-08-27,VISAKHAPATNAM,OB-2,Vacant,
2026-08-27,VISAKHAPATNAM,CB-2,Vacant,
2026-08-27,VISAKHAPATNAM,CB-4,Vacant,
2026-08-27,VISAKHAPATNAM,SPM,Vacant,
2026-08-27,VISAKHAPATNAM,OSIT,Vacant,
2026-08-27,VISAKHAPATNAM,OSIT A/S,Vacant,
2026-08-27,VISAKHAPATNAM,LPG,Vacant,
2026-08-27,VISAKHAPATNAM,LPG A/S,Vacant,
2026-08-27,VISAKHAPATNAM,HSY JETTY,Vacant,
2026-08-27,VISAKHAPATNAM,BB1,Vacant,
2026-08-27,VISAKHAPATNAM,BB2,Vacant,
2026-08-27,VISAKHAPATNAM,NAVEL JETTY,Vacant,
2026-08-27,VISAKHAPATNAM,AVCTPL[EQ-1A],Vacant,
2026-08-27,VISAKHAPATNAM,[EQ-1] (ADANI),Vacant,
2026-08-27,VISAKHAPATNAM,EQ-5,Vacant,
2026-08-27,VISAKHAPATNAM,EQ-7,Vacant,
2026-08-27,VISAKHAPATNAM,EQ-10 (EIPL)AVR INFRA,Vacant,
2026-08-27,VISAKHAPATNAM,GR.CH.B,Vacant,
2026-08-27,VISAKHAPATNAM,WQ-1 RE,Vacant,
2026-08-27,VISAKHAPATNAM,WQ-8,Vacant,
2026-08-31,GOPALPUR,MPB-1,Vacant,
2026-08-31,GOPALPUR,MPB-3,Vacant,
2026-08-31,KRISHNAPATNAM,LB,Vacant,
2026-08-31,KRISHNAPATNAM,WB-3,Vacant,
2026-08-31,KRISHNAPATNAM,WB-1,Vacant,
2026-08-31,KRISHNAPATNAM,S4A,Vacant,
2026-08-31,KRISHNAPATNAM,1,Vacant,
2026-08-31,KRISHNAPATNAM,B1A,Vacant,
2026-08-31,KATTUPALLI,CB1,Vacant,
2026-08-31,KATTUPALLI,CB2,Vacant,
2026-08-31,KATTUPALLI,CB3,Vacant,
2026-08-31,KATTUPALLI,CB2-C,Vacant,
2026-08-31,DHAMRA,B-3N / 17,Vacant,
2026-08-31,GANGAVARAM,B9,Vacant,
2026-08-31,VISAKHAPATNAM,CB-1,Vacant,
2026-08-31,VISAKHAPATNAM,CB-2,Vacant,
2026-08-31,VISAKHAPATNAM,CB-4,Vacant,
2026-08-31,VISAKHAPATNAM,SPM,Vacant,
2026-08-31,VISAKHAPATNAM,OSIT,Vacant,
2026-08-31,VISAKHAPATNAM,OSIT A/S,Vacant,
2026-08-31,VISAKHAPATNAM,LPG A/S,Vacant,
2026-08-31,VISAKHAPATNAM,HSY JETTY,Vacant,
2026-08-31,VISAKHAPATNAM,BB1,Vacant,
2026-08-31,VISAKHAPATNAM,BB2,Vacant,
2026-08-31,VISAKHAPATNAM,NAVEL JETTY,Vacant,
2026-08-31,VISAKHAPATNAM,AVCTPL[EQ-1A],Vacant,
2026-08-31,VISAKHAPATNAM,[EQ-1] (ADANI),Vacant,
2026-08-31,VISAKHAPATNAM,EQ-5,Vacant,
2026-08-31,VISAKHAPATNAM,EQ-7,Vacant,
2026-08-31,VISAKHAPATNAM,EQ-9 (VSPL),Vacant,
2026-08-31,VISAKHAPATNAM,EQ-10 (EIPL)AVR INFRA,Vacant,
2026-08-31,VISAKHAPATNAM,GR.CH.B,Vacant,
2026-08-31,VISAKHAPATNAM,WQ-1 RE,Vacant,
2026-08-31,VISAKHAPATNAM,WQ-1,Vacant,
2026-08-31,VISAKHAPATNAM,WQ-8,Vacant,
2026-08-31,VISAKHAPATNAM,F.B,Vacant,
