date,load_port,unload_port,vessel_type,cargo_intake,rate_usd_mt,route_id,log_rate,ret_1w,ret_2w,ret_4w,roll_mean_4w,roll_cv_4w,dev_from_mean_4w,month_sin,month_cos,load_port_code,vessel_type_code,future_rate,target_ret,min_rate_in_window,should_have_waited,potential_savings_usd_mt
2025-10-31,Nikolaev,Paradip/Haldia,Panamax,41000.0,49.84,Nikolaev->Paradip/Haldia|Panamax,3.908817874479198,0.000200662185884569,0.004625448166240202,-0.0058017567962143695,49.8425,0.0039362578573430675,-5.015925564713211e-05,-0.8660254037844386,0.5000000000000001,0,1,49.92,0.0016038495819743989,49.81,0.0,0.030000000000001137
2025-11-07,Nikolaev,Paradip/Haldia,Panamax,41000.0,49.81,Nikolaev->Paradip/Haldia|Panamax,3.908215767085192,-0.0006021073940056671,-0.00040144520812107913,-0.00560562028433345,49.7725,0.0021909471834118768,0.0007531444133774887,-0.5000000000000004,0.8660254037844384,0,1,49.91,0.002005616396325729,49.91,0.0,0.0
2025-11-14,Nikolaev,Paradip/Haldia,Panamax,41000.0,49.92,Nikolaev->Paradip/Haldia|Panamax,3.9104217240611723,0.002205956975980201,0.0016038495819743989,0.0062292977482147505,49.85,0.0009689987794173754,0.0014032276533248295,-0.5000000000000004,0.8660254037844384,0,1,49.5,-0.008449054486527633,49.5,0.0,0.4200000000000017
2025-11-21,Nikolaev,Paradip/Haldia,Panamax,41000.0,49.91,Nikolaev->Paradip/Haldia|Panamax,3.9102213834815176,-0.0002003405796544341,0.002005616396325729,0.001604171188204726,49.870000000000005,0.0010736166301855425,0.0008017639234866079,-0.5000000000000004,0.8660254037844384,0,1,49.63,-0.005625893882168326,49.5,0.0,0.4099999999999966
2025-11-28,Nikolaev,Paradip/Haldia,Panamax,41000.0,49.5,Nikolaev->Paradip/Haldia|Panamax,3.901972669574645,-0.008248713906873196,-0.008449054486527633,-0.006845204904553175,49.785000000000004,0.003944641510938464,-0.005741064265403073,-0.5000000000000004,0.8660254037844384,0,1,48.43,-0.02185321315950688,48.43,1.0,1.0700000000000003
2025-12-05,Nikolaev,Paradip/Haldia,Panamax,41000.0,49.63,Nikolaev->Paradip/Haldia|Panamax,3.9045954895993495,0.0026228200247049465,-0.005625893882168326,-0.003620277485842531,49.74,0.004201160171198879,-0.0022139487759091268,-2.4492935982947064e-16,1.0,0,1,46.86,-0.05743105651969985,46.86,1.0,2.770000000000003
2025-12-12,Nikolaev,Paradip/Haldia,Panamax,41000.0,48.43,Nikolaev->Paradip/Haldia|Panamax,3.880119456415138,-0.024476033184211713,-0.02185321315950688,-0.03030226764603455,49.3675,0.013125851693304592,-0.019172856534189816,-2.4492935982947064e-16,1.0,0,1,45.24,-0.06813780516721803,45.24,1.0,3.1899999999999977
2025-12-19,Nikolaev,Paradip/Haldia,Panamax,41000.0,46.86,Nikolaev->Paradip/Haldia|Panamax,3.8471644330796497,-0.03295502333548812,-0.05743105651969985,-0.06305695040186826,48.605,0.02636713408887742,-0.03656197319338263,-2.4492935982947064e-16,1.0,0,1,44.08,-0.061158268234990584,44.08,1.0,2.780000000000001
2025-12-26,Nikolaev,Paradip/Haldia,Panamax,41000.0,45.24,Nikolaev->Paradip/Haldia|Panamax,3.81198165124792,-0.03518278183172989,-0.06813780516721803,-0.08999101832672492,47.54,0.04011846552302204,-0.049589810684128065,-2.4492935982947064e-16,1.0,0,1,44.02,-0.027337575149604085,44.02,1.0,1.2199999999999989
2026-01-02,Nikolaev,Paradip/Haldia,Panamax,41000.0,44.08,Nikolaev->Paradip/Haldia|Panamax,3.786006164844659,-0.025975486403260792,-0.061158268234990584,-0.1185893247546905,46.1525,0.04114025133413481,-0.04594496581792856,0.49999999999999994,0.8660254037844387,0,1,44.17,0.0020396607637760437,44.02,0.0,0.05999999999999517
2026-01-09,Nikolaev,Paradip/Haldia,Panamax,41000.0,44.02,Nikolaev->Paradip/Haldia|Panamax,3.7846440760983158,-0.0013620887463433626,-0.027337575149604085,-0.09547538031682211,45.05,0.029543051555692253,-0.02312890795603117,0.49999999999999994,0.8660254037844387,0,1,44.88,0.019348185116125332,44.17,0.0,0.0
2026-01-16,Nikolaev,Paradip/Haldia,Panamax,41000.0,44.17,Nikolaev->Paradip/Haldia|Panamax,3.7880458256084353,0.0034017495101193456,0.0020396607637760437,-0.05911860747121443,44.377500000000005,0.013031263759001406,-0.004686758628386766,0.49999999999999994,0.8660254037844387,0,1,45.41,0.027686519501424537,44.88,0.0,0.0
2026-01-23,Nikolaev,Paradip/Haldia,Panamax,41000.0,44.88,Nikolaev->Paradip/Haldia|Panamax,3.803992261214441,0.015946435606005768,0.019348185116125332,-0.007989390033478863,44.2875,0.009026953206951837,0.013289791022850564,0.49999999999999994,0.8660254037844387,0,1,45.61,0.016134729509168052,45.41,0.0,0.0
2026-01-30,Nikolaev,Paradip/Haldia,Panamax,41000.0,45.41,Nikolaev->Paradip/Haldia|Panamax,3.8157323451098595,0.011740083895418802,0.027686519501424537,0.02972618026520069,44.62,0.014490828110854859,0.017550156105473367,0.49999999999999994,0.8660254037844387,0,1,46.8,0.030150857813741206,45.61,0.0,0.0
2026-02-06,Nikolaev,Paradip/Haldia,Panamax,41000.0,45.61,Nikolaev->Paradip/Haldia|Panamax,3.820126990723609,0.004394645613749445,0.016134729509168052,0.03548291462529339,45.0175,0.014294430982382872,0.013075687662085531,0.8660254037844386,0.5000000000000001,0,1,47.56,0.041865081098972,46.8,0.0,0.0
2026-02-13,Nikolaev,Paradip/Haldia,Panamax,41000.0,46.8,Nikolaev->Paradip/Haldia|Panamax,3.845883202923601,0.025756212199992023,0.030150857813741206,0.057837377315165826,45.675,0.017751100514227108,0.02433210065953072,0.8660254037844386,0.5000000000000001,0,1,47.55,0.015898586067798204,47.55,0.0,0.0
2026-02-20,Nikolaev,Paradip/Haldia,Panamax,41000.0,47.56,Nikolaev->Paradip/Haldia|Panamax,3.861992071822581,0.01610886889898019,0.041865081098972,0.057999810608140294,46.345,0.021925836134160447,0.025878660494785124,0.8660254037844386,0.5000000000000001,0,1,54.25,0.13161092059798776,47.55,0.0,0.010000000000005116
2026-02-27,Nikolaev,Paradip/Haldia,Panamax,41000.0,47.55,Nikolaev->Paradip/Haldia|Panamax,3.8617817889913995,-0.0002102828311818771,0.015898586067798204,0.046049443881539545,46.879999999999995,0.019591312021679904,0.014190643722642277,0.8660254037844386,0.5000000000000001,0,1,57.7,0.19347538452265475,54.25,0.0,0.0
2026-03-06,Nikolaev,Paradip/Haldia,Panamax,41000.0,54.25,Nikolaev->Paradip/Haldia|Panamax,3.993602992420569,0.13182120342916964,0.13161092059798776,0.17347600169695984,49.03999999999999,0.07119745244393699,0.10096670079261305,1.0,6.123233995736766e-17,0,1,61.25,0.12136085700426753,57.7,0.0,0.0
2026-03-13,Nikolaev,Paradip/Haldia,Panamax,41000.0,57.7,Nikolaev->Paradip/Haldia|Panamax,4.055257173514054,0.06165418109348508,0.19347538452265475,0.20937397059045287,51.765,0.09777292126114383,0.1085429282959774,1.0,6.123233995736766e-17,0,1,61.25,0.059706675910782415,61.25,0.0,0.0
2025-10-31,Nikolaev,Paradip/Haldia,Supramax,33000.0,58.06,Nikolaev->Paradip/Haldia|Supramax,4.061476958596484,0.00017225045258349733,0.00414222200828378,-0.004296646637580749,58.05,0.003167058796012218,0.00017225045258349733,-0.8660254037844386,0.5000000000000001,0,2,58.16,0.0017208746287800613,58.04,0.0,0.020000000000003126
2025-11-07,Nikolaev,Paradip/Haldia,Supramax,33000.0,58.04,Nikolaev->Paradip/Haldia|Supramax,4.061132428015987,-0.0003445305804968187,-0.0001722801279133529,-0.003954953138995823,57.9925,0.001988006909574281,0.0008187361756988716,-0.5000000000000004,0.8660254037844384,0,2,58.14,0.001721467114742902,58.14,0.0,0.0
2025-11-14,Nikolaev,Paradip/Haldia,Supramax,33000.0,58.16,Nikolaev->Paradip/Haldia|Supramax,4.063197833225264,0.0020654052092768578,0.0017208746287800613,0.005863096637063796,58.0775,0.0009573889669042289,0.0014195077122810238,-0.5000000000000004,0.8660254037844384,0,2,57.71,-0.007767364502388754,57.71,0.0,0.44999999999999574
2025-11-21,Nikolaev,Paradip/Haldia,Supramax,33000.0,58.14,Nikolaev->Paradip/Haldia|Supramax,4.06285389513073,-0.00034393809453394053,0.001721467114742902,0.0015491869868293187,58.099999999999994,0.0010133976897679813,0.0006882312728645313,-0.5000000000000004,0.8660254037844384,0,2,57.84,-0.005173317280220528,57.71,0.0,0.4299999999999997
2025-11-28,Nikolaev,Paradip/Haldia,Supramax,33000.0,57.71,Nikolaev->Paradip/Haldia|Supramax,4.055430468722875,-0.007423426407854772,-0.007767364502388754,-0.00604648987360878,58.012499999999996,0.0035920992862185225,-0.005228035844419015,-0.5000000000000004,0.8660254037844384,0,2,56.69,-0.0178326403866628,56.69,0.0,1.0200000000000031
2025-12-05,Nikolaev,Paradip/Haldia,Supramax,33000.0,57.84,Nikolaev->Paradip/Haldia|Supramax,4.057680577850509,0.0022501091276342137,-0.005173317280220528,-0.003451850165477787,57.9625,0.0038484496029284453,-0.0021156718670698755,-2.4492935982947064e-16,1.0,0,2,55.09,-0.048712366365884024,55.09,1.0,2.75
2025-12-12,Nikolaev,Paradip/Haldia,Supramax,33000.0,56.69,Nikolaev->Paradip/Haldia|Supramax,4.037597828336212,-0.020082749514297074,-0.0178326403866628,-0.025600004889051634,57.595,0.010932017027470563,-0.01583793004225743,-2.4492935982947064e-16,1.0,0,2,53.5,-0.057916174434251406,53.5,1.0,3.1899999999999977
2025-12-19,Nikolaev,Paradip/Haldia,Supramax,33000.0,55.09,Nikolaev->Paradip/Haldia|Supramax,4.008968211484625,-0.028629616851587096,-0.048712366365884024,-0.05388568364610469,56.8325,0.022353237319404157,-0.031140133706739164,-2.4492935982947064e-16,1.0,0,2,52.39,-0.05025247806449683,52.39,1.0,2.700000000000003
2025-12-26,Nikolaev,Paradip/Haldia,Supramax,33000.0,53.5,Nikolaev->Paradip/Haldia|Supramax,3.979681653901961,-0.029286557582664307,-0.057916174434251406,-0.07574881482091417,55.78,0.03393034864976162,-0.0417337282973821,-2.4492935982947064e-16,1.0,0,2,52.32,-0.022302946753017645,52.32,1.0,1.1799999999999997
2026-01-02,Nikolaev,Paradip/Haldia,Supramax,33000.0,52.39,Nikolaev->Paradip/Haldia|Supramax,3.9587157334201284,-0.02096592048183254,-0.05025247806449683,-0.0989648444303809,54.417500000000004,0.034492071411088954,-0.03797005988672677,0.49999999999999994,0.8660254037844387,0,2,52.49,0.0019069418440800228,52.32,0.0,0.07000000000000028
2026-01-09,Nikolaev,Paradip/Haldia,Supramax,33000.0,52.32,Nikolaev->Paradip/Haldia|Supramax,3.9573787071489432,-0.0013370262711851098,-0.022302946753017645,-0.080219121187269,53.325,0.02428269125728014,-0.019026557208471056,0.49999999999999994,0.8660254037844387,0,2,53.18,0.01630367866593044,52.49,0.0,0.0
2026-01-16,Nikolaev,Paradip/Haldia,Supramax,33000.0,52.49,Nikolaev->Paradip/Haldia|Supramax,3.9606226752642084,0.0032439681152651575,0.0019069418440800228,-0.0483455362204168,52.675,0.010525042043996125,-0.0035182844260442142,0.49999999999999994,0.8660254037844387,0,2,54.25,0.03298031715636052,53.18,0.0,0.0
2026-01-23,Nikolaev,Paradip/Haldia,Supramax,33000.0,53.18,Nikolaev->Paradip/Haldia|Supramax,3.9736823858148735,0.013059710550665403,0.01630367866593044,-0.0059992680870870705,52.595,0.007532848940361412,0.01106132762363624,0.49999999999999994,0.8660254037844387,0,2,54.46,0.023784101430739807,54.25,0.0,0.0
2026-01-30,Nikolaev,Paradip/Haldia,Supramax,33000.0,54.25,Nikolaev->Paradip/Haldia|Supramax,3.993602992420569,0.019920606605695095,0.03298031715636052,0.03488725900044054,53.06,0.01651273821945423,0.022179643710975375,0.49999999999999994,0.8660254037844387,0,2,55.73,0.026915609160876017,54.46,0.0,0.0
2026-02-06,Nikolaev,Paradip/Haldia,Supramax,33000.0,54.46,Nikolaev->Paradip/Haldia|Supramax,3.9974664872456134,0.0038634948250446392,0.023784101430739807,0.04008778009667037,53.595,0.017271255205082423,0.0160107071021308,0.8660254037844386,0.5000000000000001,0,2,56.53,0.037304983441585865,55.73,0.0,0.0
2026-02-13,Nikolaev,Paradip/Haldia,Supramax,33000.0,55.73,Nikolaev->Paradip/Haldia|Supramax,4.020518601581445,0.02305211433583137,0.026915609160876017,0.059895926317236406,54.404999999999994,0.019228962006739538,0.024062540178469653,0.8660254037844386,0.5000000000000001,0,2,56.52,0.014075956234881747,56.52,0.0,0.0
2026-02-20,Nikolaev,Paradip/Haldia,Supramax,33000.0,56.53,Nikolaev->Paradip/Haldia|Supramax,4.0347714706871995,0.014252869105754434,0.037304983441585865,0.06108908487232572,55.2425,0.019531928962340205,0.023038886110076637,0.8660254037844386,0.5000000000000001,0,2,62.53,0.10087497089200713,56.52,0.0,0.00999999999999801
2026-02-27,Nikolaev,Paradip/Haldia,Supramax,33000.0,56.52,Nikolaev->Paradip/Haldia|Supramax,4.034594557816327,-0.00017691287087266317,0.014075956234881747,0.04099156539575783,55.81,0.017468532521727045,0.012641493015984575,0.8660254037844386,0.5000000000000001,0,2,66.2,0.15808590512663573,62.53,0.0,0.0
2026-03-06,Nikolaev,Paradip/Haldia,Supramax,33000.0,62.53,Nikolaev->Paradip/Haldia|Supramax,4.1356464415792065,0.10105188376287975,0.10087497089200713,0.138179954333593,57.8275,0.05459899697047491,0.0781820005008877,1.0,6.123233995736766e-17,0,2,69.72,0.10884077907261352,66.2,0.0,0.0
2026-03-13,Nikolaev,Paradip/Haldia,Supramax,33000.0,66.2,Nikolaev->Paradip/Haldia|Supramax,4.192680462942962,0.057034021363756016,0.15808590512663573,0.17216186136151765,60.44500000000001,0.07888083449658087,0.0909466022890072,1.0,6.123233995736766e-17,0,2,69.72,0.051806757708857516,69.72,0.0,0.0
2025-10-31,Nikolaev,Paradip,Panamax,41000.0,47.5,Nikolaev->Paradip|Panamax,3.8607297110405954,0.0,0.004642337942752735,-0.005877430857067987,47.505,0.003955014046533238,-0.00010525761811730921,-0.8660254037844386,0.5000000000000001,0,1,47.59,0.0018929440924236956,47.48,0.0,0.020000000000003126
2025-11-07,Nikolaev,Paradip,Panamax,41000.0,47.48,Nikolaev->Paradip|Panamax,3.860308569741467,-0.00042114129912827856,-0.00042114129912827856,-0.005461051169216887,47.44,0.0022572201242565463,0.0008428150519971494,-0.5000000000000004,0.8660254037844384,0,1,47.57,0.001893740702722798,47.57,0.0,0.0
2025-11-14,Nikolaev,Paradip,Panamax,41000.0,47.59,Nikolaev->Paradip|Panamax,3.862622655133019,0.002314085391551942,0.0018929440924236956,0.006535282035176347,47.5175,0.0010363400643761816,0.001524590890163516,-0.5000000000000004,0.8660254037844384,0,1,47.18,-0.008652581153490213,47.18,0.0,0.4100000000000037
2025-11-21,Nikolaev,Paradip,Panamax,41000.0,47.57,Nikolaev->Paradip|Panamax,3.8622023104441903,-0.00042034468882902286,0.001893740702722798,0.0014725994035945658,47.535,0.001119786783259745,0.0007360286331965253,-0.5000000000000004,0.8660254037844384,0,1,47.3,-0.005692014946302859,47.18,0.0,0.39000000000000057
2025-11-28,Nikolaev,Paradip,Panamax,41000.0,47.18,Nikolaev->Paradip|Panamax,3.853970073979529,-0.008232236464661135,-0.008652581153490213,-0.006759637061066548,47.455,0.003992686823621672,-0.005811819602926465,-0.5000000000000004,0.8660254037844384,0,1,46.15,-0.022073113030667838,46.15,1.0,1.0300000000000011
2025-12-05,Nikolaev,Paradip,Panamax,41000.0,47.3,Nikolaev->Paradip|Panamax,3.856510295497887,0.0025402215183581785,-0.005692014946302859,-0.00379827424357995,47.41,0.004270925275536136,-0.0023228814161396385,-2.4492935982947064e-16,1.0,0,1,44.63,-0.05810401685670864,44.63,1.0,2.6699999999999946
2025-12-12,Nikolaev,Paradip,Panamax,41000.0,46.15,Nikolaev->Paradip|Panamax,3.8318969609488613,-0.02461333454902606,-0.022073113030667838,-0.03072569418415807,47.05,0.013215125659264422,-0.0193139050825275,-2.4492935982947064e-16,1.0,0,1,43.07,-0.06907026188284192,43.07,1.0,3.0799999999999983
2025-12-19,Nikolaev,Paradip,Panamax,41000.0,44.63,Nikolaev->Paradip|Panamax,3.7984062786411785,-0.033490682307682526,-0.05810401685670864,-0.06379603180301156,46.315,0.026692093542561114,-0.037059604064812166,-2.4492935982947064e-16,1.0,0,1,41.96,-0.061689495113082166,41.96,1.0,2.6700000000000017
2025-12-26,Nikolaev,Paradip,Panamax,41000.0,43.07,Nikolaev->Paradip|Panamax,3.7628266990660193,-0.03557957957515936,-0.06907026188284192,-0.09114337491350971,45.2875,0.04060305287295557,-0.05020435715517646,-2.4492935982947064e-16,1.0,0,1,41.9,-0.027540872137927237,41.9,1.0,1.1700000000000017
2026-01-02,Nikolaev,Paradip,Panamax,41000.0,41.96,Nikolaev->Paradip|Panamax,3.7367167835280966,-0.02610991553792272,-0.061689495113082166,-0.11979351196979077,43.9525,0.04161549337088959,-0.04639272180671119,0.49999999999999994,0.8660254037844387,0,1,42.05,0.0021426028908604474,41.9,0.0,0.060000000000002274
2026-01-09,Nikolaev,Paradip,Panamax,41000.0,41.9,Nikolaev->Paradip|Panamax,3.735285826928092,-0.0014309566000044384,-0.027540872137927237,-0.09661113402076917,42.89,0.029812804505815402,-0.023352871600697097,0.49999999999999994,0.8660254037844387,0,1,42.73,0.01961542272784147,42.05,0.0,0.0
2026-01-16,Nikolaev,Paradip,Panamax,41000.0,42.05,Nikolaev->Paradip|Panamax,3.738859386418957,0.003573559490864922,0.0021426028908604474,-0.05954689222222158,42.245,0.01310081108014696,-0.004626617185851105,0.49999999999999994,0.8660254037844387,0,1,43.24,0.027906606352050545,42.73,0.0,0.0
2026-01-23,Nikolaev,Paradip,Panamax,41000.0,42.73,Nikolaev->Paradip|Panamax,3.7549012496559335,0.01604186323697641,0.01961542272784147,-0.007925449410085673,42.16,0.009131108422635478,0.013429345422826613,0.49999999999999994,0.8660254037844387,0,1,43.43,0.016249196890796982,43.24,0.0,0.0
2026-01-30,Nikolaev,Paradip,Panamax,41000.0,43.24,Nikolaev->Paradip|Panamax,3.7667659927710075,0.011864743115074168,0.027906606352050545,0.030049209242911115,42.48,0.014646901987819103,0.01773261583732421,0.49999999999999994,0.8660254037844387,0,1,44.6,0.03096786625501089,43.43,0.0,0.0
2026-02-06,Nikolaev,Paradip,Panamax,41000.0,43.43,Nikolaev->Paradip|Panamax,3.7711504465467307,0.004384453775722993,0.016249196890796982,0.03586461961863841,42.8625,0.014396178087779687,0.013153128757691751,0.8660254037844386,0.5000000000000001,0,1,45.34,0.0430391985326526,44.6,0.0,0.0
2026-02-13,Nikolaev,Paradip,Panamax,41000.0,44.6,Nikolaev->Paradip|Panamax,3.7977338590260183,0.02658341247928797,0.03096786625501089,0.05887447260706139,43.5,0.018175947998835974,0.024972920931380097,0.8660254037844386,0.5000000000000001,0,1,45.32,0.016014577133787053,45.32,0.0,0.0
2026-02-20,Nikolaev,Paradip,Panamax,41000.0,45.34,Nikolaev->Paradip|Panamax,3.814189645079383,0.016455786053364577,0.0430391985326526,0.05928839542344952,44.152499999999996,0.02251655345182922,0.02654009449099407,0.8660254037844386,0.5000000000000001,0,1,51.76,0.132428005113262,45.32,0.0,0.020000000000003126
2026-02-27,Nikolaev,Paradip,Panamax,41000.0,45.32,Nikolaev->Paradip|Panamax,3.8137484361598055,-0.00044120891957742436,0.016014577133787053,0.046982443388798,44.6725,0.020079666877235097,0.014390336389126386,0.8660254037844386,0.5000000000000001,0,1,55.12,0.19576419054559754,51.76,0.0,0.0
2026-03-06,Nikolaev,Paradip,Panamax,41000.0,51.76,Nikolaev->Paradip|Panamax,3.946617650192645,0.13286921403283955,0.132428005113262,0.17546720364591462,46.755,0.07174366917577855,0.10169644830523493,1.0,6.123233995736766e-17,0,1,58.54,0.12309263107109464,55.12,0.0,0.0
2026-03-13,Nikolaev,Paradip,Panamax,41000.0,55.12,Nikolaev->Paradip|Panamax,4.009512626705403,0.06289497651275797,0.19576419054559754,0.2117787676793846,49.385000000000005,0.09879737825514649,0.10986589234531226,1.0,6.123233995736766e-17,0,1,58.54,0.06019765455833679,58.54,0.0,0.0
2025-10-31,Nikolaev,Paradip,Supramax,33000.0,56.02,Nikolaev->Paradip|Supramax,4.0257087698319625,0.0001785236102216802,0.004114127974525561,-0.004275033229748206,56.010000000000005,0.003136745569982522,0.0001785236102214582,-0.8660254037844386,0.5000000000000001,0,2,56.12,0.0017834854022976481,56.0,0.0,0.020000000000003126
2025-11-07,Nikolaev,Paradip,Supramax,33000.0,56.0,Nikolaev->Paradip|Supramax,4.02535169073515,-0.00035707909681332786,-0.00017855548659163407,-0.003920874743236551,55.955,0.001971273595779119,0.0008038944651588517,-0.5000000000000004,0.8660254037844384,0,2,56.1,0.001784121793501392,56.1,0.0,0.0
2025-11-14,Nikolaev,Paradip,Supramax,33000.0,56.12,Nikolaev->Paradip|Supramax,4.02749225523426,0.0021405644991108167,0.0017834854022976481,0.005897613376823222,56.037499999999994,0.0009922419402250335,0.0014711457527023667,-0.5000000000000004,0.8660254037844384,0,2,55.68,-0.007871239208095987,55.68,0.0,0.4399999999999977
2025-11-21,Nikolaev,Paradip,Supramax,33000.0,56.1,Nikolaev->Paradip|Supramax,4.027135812528651,-0.0003564427056094528,0.001784121793501392,0.0016055663069097306,56.06,0.0010502748086961909,0.0007132667920083311,-0.5000000000000004,0.8660254037844384,0,2,55.81,-0.005182747728308389,55.68,0.0,0.4200000000000017
2025-11-28,Nikolaev,Paradip,Supramax,33000.0,55.68,Nikolaev->Paradip|Supramax,4.019621016026164,-0.007514796502486499,-0.007871239208095987,-0.00608775380579833,55.975,0.0036364769130913326,-0.00528414645865434,-0.5000000000000004,0.8660254037844384,0,2,54.7,-0.017757306598228655,54.7,0.0,0.9799999999999969
2025-12-05,Nikolaev,Paradip,Supramax,33000.0,55.81,Nikolaev->Paradip|Supramax,4.021953064800342,0.0023320487741780092,-0.005182747728308389,-0.0033986259348069733,55.927499999999995,0.0038883639088401435,-0.002103144303580183,-2.4492935982947064e-16,1.0,0,2,53.14,-0.049023124468674746,53.14,1.0,2.6700000000000017
2025-12-12,Nikolaev,Paradip,Supramax,33000.0,54.7,Nikolaev->Paradip|Supramax,4.001863709427935,-0.020089355372406616,-0.017757306598228655,-0.025628545806324593,55.572500000000005,0.010933177621937537,-0.015824765154992308,-2.4492935982947064e-16,1.0,0,2,51.6,-0.058342036940418444,51.6,1.0,3.1000000000000014
2025-12-19,Nikolaev,Paradip,Supramax,33000.0,53.14,Nikolaev->Paradip|Supramax,3.9729299403316674,-0.028933769096268068,-0.049023124468674746,-0.05420587219698316,54.832499999999996,0.022474354411916912,-0.03135314352177614,-2.4492935982947064e-16,1.0,0,2,50.53,-0.05036272102785022,50.53,1.0,2.6099999999999994
2025-12-26,Nikolaev,Paradip,Supramax,33000.0,51.6,Nikolaev->Paradip|Supramax,3.9435216724875173,-0.029408267844150404,-0.058342036940418444,-0.07609934353864717,53.8125,0.034139356305931734,-0.04198410970043249,-2.4492935982947064e-16,1.0,0,2,50.47,-0.022142572135346032,50.47,1.0,1.1300000000000026
2026-01-02,Nikolaev,Paradip,Supramax,33000.0,50.53,Nikolaev->Paradip|Supramax,3.9225672193038172,-0.020954453183699807,-0.05036272102785022,-0.09938584549652497,52.49250000000001,0.034676983790554027,-0.03810308294585021,0.49999999999999994,0.8660254037844387,0,2,50.63,0.0019770666780006664,50.47,0.0,0.060000000000002274
2026-01-09,Nikolaev,Paradip,Supramax,33000.0,50.47,Nikolaev->Paradip|Supramax,3.921379100352171,-0.0011881189516461993,-0.022142572135346032,-0.08048460907576459,51.435,0.02429473969047342,-0.018939774230822427,0.49999999999999994,0.8660254037844387,0,2,51.3,0.016311651824552735,50.63,0.0,0.0
2026-01-16,Nikolaev,Paradip,Supramax,33000.0,50.63,Nikolaev->Paradip|Supramax,3.924544285981818,0.0031651856296467584,0.0019770666780006664,-0.04838565434984956,50.807500000000005,0.010479542487212987,-0.003499695500507277,0.49999999999999994,0.8660254037844387,0,2,52.33,0.03302553440229856,51.3,0.0,0.0
2026-01-23,Nikolaev,Paradip,Supramax,33000.0,51.3,Nikolaev->Paradip|Supramax,3.937690752176724,0.0131464661949059,0.016311651824552735,-0.0058309203107933215,50.732499999999995,0.007570027855206016,0.01112402130773711,0.49999999999999994,0.8660254037844387,0,2,52.54,0.023884032080669935,52.33,0.0,0.0
2026-01-30,Nikolaev,Paradip,Supramax,33000.0,52.33,Nikolaev->Paradip|Supramax,3.9575698203841165,0.019879068207392634,0.03302553440229856,0.03500260108029924,51.1825,0.0165149433696797,0.02217214363951977,0.49999999999999994,0.8660254037844387,0,2,53.77,0.02714587043747027,52.54,0.0,0.0
2026-02-06,Nikolaev,Paradip,Supramax,33000.0,52.54,Nikolaev->Paradip|Supramax,3.961574784257394,0.0040049638732772685,0.023884032080669935,0.04019568390522272,51.699999999999996,0.01732698333293647,0.016117002743010325,0.8660254037844386,0.5000000000000001,0,2,54.56,0.03772622927781296,53.77,0.0,0.0
2026-02-13,Nikolaev,Paradip,Supramax,33000.0,53.77,Nikolaev->Paradip|Supramax,3.9847156908215866,0.023140906564192914,0.02714587043747027,0.06017140483976899,52.485,0.019313265630859142,0.024188276333825726,0.8660254037844386,0.5000000000000001,0,2,54.54,0.014218686595855734,54.54,0.0,0.0
2026-02-20,Nikolaev,Paradip,Supramax,33000.0,54.56,Nikolaev->Paradip|Supramax,3.9993010135352067,0.01458532271361992,0.03772622927781296,0.06161026135848288,53.300000000000004,0.01975779904975668,0.023364682363407673,0.8660254037844386,0.5000000000000001,0,2,60.35,0.10085993400833392,54.54,0.0,0.020000000000003126
2026-02-27,Nikolaev,Paradip,Supramax,33000.0,54.54,Nikolaev->Paradip|Supramax,3.9989343774174424,-0.0003666361177643039,0.014218686595855734,0.04136455703332612,53.8525,0.017625052343071573,0.0126855496373249,0.8660254037844386,0.5000000000000001,0,2,63.92,0.15869792404057675,60.35,0.0,0.0
2026-03-06,Nikolaev,Paradip,Supramax,33000.0,60.35,Nikolaev->Paradip|Supramax,4.10016094754354,0.10122657012609801,0.10085993400833392,0.13858616328614673,55.805,0.05469473371353611,0.07829747643586223,1.0,6.123233995736766e-17,0,2,67.33,0.10944495501364893,63.92,0.0,0.0
2026-03-13,Nikolaev,Paradip,Supramax,33000.0,63.92,Nikolaev->Paradip|Supramax,4.157632301458019,0.05747135391447864,0.15869792404057675,0.1729166106364325,58.3425,0.07910816899053495,0.09130148569111746,1.0,6.123233995736766e-17,0,2,67.33,0.051973601099170284,67.33,0.0,0.0
2025-10-31,Richards Bay,Paradip,Supramax,55000.0,14.31,Richards Bay->Paradip|Supramax,2.6609585935683597,-0.002094241603114737,0.019760699453990036,-0.04642471854614681,14.415,0.027867131517668738,-0.00731073752200584,-0.8660254037844386,0.5000000000000001,1,2,14.32,0.0006985679641400653,14.32,0.0,0.0
2025-11-07,Richards Bay,Paradip,Supramax,55000.0,14.35,Richards Bay->Paradip|Supramax,2.66374994220563,0.00279134863727055,0.0006971070341557344,-0.04296603588344337,14.2575,0.010704266248829124,0.00646685815707314,-0.5000000000000004,0.8660254037844384,1,2,14.16,-0.013328853940056394,14.16,0.0,0.1899999999999995
2025-11-14,Richards Bay,Paradip,Supramax,55000.0,14.32,Richards Bay->Paradip|Supramax,2.6616571615324998,-0.0020927806731304973,0.0006985679641400653,0.020459267418130065,14.33,0.001274069684820362,-0.0006980803075808872,-0.5000000000000004,0.8660254037844384,1,2,13.97,-0.0247449882636291,13.97,1.0,0.34999999999999964
2025-11-21,Richards Bay,Paradip,Supramax,55000.0,14.16,Richards Bay->Paradip|Supramax,2.6504210882655737,-0.011236073266925842,-0.013328853940056394,-0.012631746905900574,14.285,0.0059537280700837384,-0.008788947417162697,-0.5000000000000004,0.8660254037844384,1,2,14.02,-0.009936206659129719,13.97,0.0,0.1899999999999995
2025-11-28,Richards Bay,Paradip,Supramax,55000.0,13.97,Richards Bay->Paradip|Supramax,2.6369121732688705,-0.013508914996703255,-0.0247449882636291,-0.0240464202994891,14.200000000000001,0.012292044564869134,-0.016329791338344574,-0.5000000000000004,0.8660254037844384,1,2,13.63,-0.02463892756042921,13.63,1.0,0.33999999999999986
2025-12-05,Richards Bay,Paradip,Supramax,55000.0,14.02,Richards Bay->Paradip|Supramax,2.640484881606444,0.003572708337573496,-0.009936206659129719,-0.023265060599186073,14.1175,0.01113057002680023,-0.006930280958410736,-2.4492935982947064e-16,1.0,1,2,13.2,-0.06026805201411893,13.2,1.0,0.8200000000000003
2025-12-12,Richards Bay,Paradip,Supramax,55000.0,13.63,Richards Bay->Paradip|Supramax,2.612273245708441,-0.028211635898002733,-0.02463892756042921,-0.049383915824058294,13.945,0.01612551688827283,-0.022847775371010945,-2.4492935982947064e-16,1.0,1,2,13.06,-0.04271912186015624,13.06,1.0,0.5700000000000003
2025-12-19,Richards Bay,Paradip,Supramax,55000.0,13.2,Richards Bay->Paradip|Supramax,2.580216829592325,-0.032056416116116204,-0.06026805201411893,-0.07020425867324857,13.705000000000002,0.02762772051850975,-0.03754390016242411,-2.4492935982947064e-16,1.0,1,2,12.42,-0.06090875308699246,12.42,1.0,0.7799999999999994
2025-12-26,Richards Bay,Paradip,Supramax,55000.0,13.06,Richards Bay->Paradip|Supramax,2.569554123848285,-0.010662705744040069,-0.04271912186015624,-0.06735804942058549,13.4775,0.032310111474387185,-0.031467504495401664,-2.4492935982947064e-16,1.0,1,2,12.32,-0.05833016574291135,12.32,1.0,0.7400000000000002
2026-01-02,Richards Bay,Paradip,Supramax,55000.0,12.42,Richards Bay->Paradip|Supramax,2.519308076505333,-0.05024604734295232,-0.06090875308699246,-0.12117680510111128,13.0775,0.03830681832816769,-0.05158511975729645,0.49999999999999994,0.8660254037844387,1,2,12.61,0.01518207347149555,12.32,0.0,0.09999999999999964
2026-01-09,Richards Bay,Paradip,Supramax,55000.0,12.32,Richards Bay->Paradip|Supramax,2.511223958105374,-0.008084118399958911,-0.05833016574291135,-0.1010492876030676,12.75,0.03485272285123134,-0.0343073134990614,0.49999999999999994,0.8660254037844387,1,2,13.24,0.07201859240348843,12.61,0.0,0.0
2026-01-16,Richards Bay,Paradip,Supramax,55000.0,12.61,Richards Bay->Paradip|Supramax,2.534490149976828,0.02326619187145435,0.01518207347149555,-0.045726679615496965,12.6025,0.026015411049759435,0.0005949430021792773,0.49999999999999994,0.8660254037844387,1,2,13.96,0.10170594735739828,13.24,0.0,0.0
2026-01-23,Richards Bay,Paradip,Supramax,55000.0,13.24,Richards Bay->Paradip|Supramax,2.5832425505088623,0.048752400532034,0.07201859240348843,0.013688426660577107,12.6475,0.03264727143668237,0.04578298332490806,0.49999999999999994,0.8660254037844387,1,2,14.01,0.056528809840053366,13.96,0.0,0.0
2026-01-30,Richards Bay,Paradip,Supramax,55000.0,13.96,Richards Bay->Paradip|Supramax,2.6361960973342264,0.05295354682536425,0.10170594735739828,0.1168880208288938,13.0325,0.055851969193291176,0.06874985967410249,0.49999999999999994,0.8660254037844387,1,2,14.15,0.013518526755020136,14.01,0.0,0.0
2026-02-06,Richards Bay,Paradip,Supramax,55000.0,14.01,Richards Bay->Paradip|Supramax,2.6397713603489157,0.0035752630146890477,0.056528809840053366,0.12854740224354191,13.455,0.04936109971704268,0.040420576170046546,0.8660254037844386,0.5000000000000001,1,2,14.21,0.014174581760093813,14.15,0.0,0.0
2026-02-13,Richards Bay,Paradip,Supramax,55000.0,14.15,Richards Bay->Paradip|Supramax,2.649714624089247,0.009943263740331144,0.013518526755020136,0.11522447411241846,13.84,0.029480004910459955,0.02215167389972324,0.8660254037844386,0.5000000000000001,1,2,14.47,0.022362916554145934,14.21,0.0,0.0
2026-02-20,Richards Bay,Paradip,Supramax,55000.0,14.21,Richards Bay->Paradip|Supramax,2.6539459421090092,0.004231318019762624,0.014174581760093813,0.0707033916001472,14.0825,0.008308993108926315,0.009013050322277423,0.8660254037844386,0.5000000000000001,1,2,18.01,0.23698121707885544,14.47,0.0,0.0
2026-02-27,Richards Bay,Paradip,Supramax,55000.0,14.47,Richards Bay->Paradip|Supramax,2.6720775406433925,0.01813159853438311,0.022362916554145934,0.035881443309165956,14.21,0.013548701926524992,0.01813159853438311,0.8660254037844386,0.5000000000000001,1,2,23.06,0.46602197419752045,18.01,0.0,0.0
2026-03-06,Richards Bay,Paradip,Supramax,55000.0,18.01,Richards Bay->Paradip|Supramax,2.8909271591878647,0.21884961854447235,0.23698121707885544,0.2511557988389491,15.21,0.12306549656531966,0.1689740529166632,1.0,6.123233995736766e-17,1,2,24.34,0.3011939283715163,23.06,0.0,0.0
2026-03-13,Richards Bay,Paradip,Supramax,55000.0,23.06,Richards Bay->Paradip|Supramax,3.138099514840913,0.24717235565304807,0.46602197419752045,0.4883848907516662,17.4375,0.23682823115167248,0.27947645525932857,1.0,6.123233995736766e-17,1,2,24.34,0.054021572718468115,24.34,0.0,0.0
2025-10-31,Vanino,Paradip,Supramax,55000.0,19.8,Vanino->Paradip|Supramax,2.9856819377004897,0.0,0.0,-0.03425502455031869,19.872500000000002,0.007296515284941254,-0.003654928764641136,-0.8660254037844386,0.5000000000000001,2,2,19.8,0.0,19.8,0.0,0.0
2025-11-07,Vanino,Paradip,Supramax,55000.0,19.8,Vanino->Paradip|Supramax,2.9856819377004897,0.0,0.0,-0.014540241126353406,19.8,0.0,0.0,-0.5000000000000004,0.8660254037844384,2,2,19.8,0.0,19.8,0.0,0.0
2025-11-14,Vanino,Paradip,Supramax,55000.0,19.8,Vanino->Paradip|Supramax,2.9856819377004897,0.0,0.0,0.0,19.8,0.0,0.0,-0.5000000000000004,0.8660254037844384,2,2,19.8,0.0,19.8,0.0,0.0
2025-11-21,Vanino,Paradip,Supramax,55000.0,19.8,Vanino->Paradip|Supramax,2.9856819377004897,0.0,0.0,0.0,19.8,0.0,0.0,-0.5000000000000004,0.8660254037844384,2,2,19.8,0.0,19.8,0.0,0.0
2025-11-28,Vanino,Paradip,Supramax,55000.0,19.8,Vanino->Paradip|Supramax,2.9856819377004897,0.0,0.0,0.0,19.8,0.0,0.0,-0.5000000000000004,0.8660254037844384,2,2,19.03,-0.0396652563924314,19.03,1.0,0.7699999999999996
2025-12-05,Vanino,Paradip,Supramax,55000.0,19.8,Vanino->Paradip|Supramax,2.9856819377004897,0.0,0.0,0.0,19.8,0.0,0.0,-2.4492935982947064e-16,1.0,2,2,18.74,-0.055021660890213556,18.74,1.0,1.0600000000000023
2025-12-12,Vanino,Paradip,Supramax,55000.0,19.03,Vanino->Paradip|Supramax,2.946016681308058,-0.0396652563924314,-0.0396652563924314,-0.0396652563924314,19.6075,0.019635343618513327,-0.0298954647966264,-2.4492935982947064e-16,1.0,2,2,18.17,-0.04624479889997822,18.17,1.0,0.8599999999999994
2025-12-19,Vanino,Paradip,Supramax,55000.0,18.74,Vanino->Paradip|Supramax,2.930660276810276,-0.015356404497782144,-0.055021660890213556,-0.055021660890213556,19.3425,0.0279891126282046,-0.031644470631196464,-2.4492935982947064e-16,1.0,2,2,17.6,-0.06276137476616984,17.6,1.0,1.139999999999997
2025-12-26,Vanino,Paradip,Supramax,55000.0,18.17,Vanino->Paradip|Supramax,2.89977188240808,-0.030888394402196165,-0.04624479889997822,-0.08591005529240965,18.935000000000002,0.03582550068560682,-0.04124017894567834,-2.4492935982947064e-16,1.0,2,2,17.6,-0.03187298036397369,17.6,1.0,0.5700000000000003
2026-01-02,Vanino,Paradip,Supramax,55000.0,17.6,Vanino->Paradip|Supramax,2.8678989020441064,-0.03187298036397369,-0.06276137476616984,-0.11778303565638339,18.385,0.034465068071669186,-0.04363621270912924,0.49999999999999994,0.8660254037844387,2,2,17.66,0.0034032931317078655,17.6,0.0,0.0
2026-01-09,Vanino,Paradip,Supramax,55000.0,17.6,Vanino->Paradip|Supramax,2.8678989020441064,0.0,-0.03187298036397369,-0.07811777926395204,18.0275,0.03027227576874865,-0.023999467764671316,0.49999999999999994,0.8660254037844387,2,2,18.02,0.023583350136085597,17.66,0.0,0.0
2026-01-16,Vanino,Paradip,Supramax,55000.0,17.66,Vanino->Paradip|Supramax,2.8713021951758138,0.0034032931317078655,0.0034032931317078655,-0.059358081634462115,17.7575,0.015568110315956389,-0.005505766714014031,0.49999999999999994,0.8660254037844387,2,2,18.02,0.020180057004377822,18.02,0.0,0.0
2026-01-23,Vanino,Paradip,Supramax,55000.0,18.02,Vanino->Paradip|Supramax,2.8914822521801917,0.020180057004377822,0.023583350136085597,-0.008289630227888058,17.720000000000002,0.011398989772418749,0.016788307003256828,0.49999999999999994,0.8660254037844387,2,2,17.95,-0.003892137245904021,17.95,0.0,0.07000000000000028
2026-01-30,Vanino,Paradip,Supramax,55000.0,18.02,Vanino->Paradip|Supramax,2.8914822521801917,0.0,0.020180057004377822,0.023583350136085597,17.825,0.012706593719951647,0.010880285879832216,0.49999999999999994,0.8660254037844387,2,2,17.95,-0.003892137245904021,17.95,0.0,0.07000000000000028
2026-02-06,Vanino,Paradip,Supramax,55000.0,17.95,Vanino->Paradip|Supramax,2.8875901149342877,-0.003892137245904021,-0.003892137245904021,0.01969121289018168,17.9125,0.00957639458389975,0.002091321779997527,0.8660254037844386,0.5000000000000001,2,2,17.95,0.0,17.95,0.0,0.0
2026-02-13,Vanino,Paradip,Supramax,55000.0,17.95,Vanino->Paradip|Supramax,2.8875901149342877,0.0,-0.003892137245904021,0.01628791975847383,17.985,0.0022471236498946127,-0.0019479622132994312,0.8660254037844386,0.5000000000000001,2,2,18.02,0.0038921372459039616,17.95,0.0,0.0
2026-02-20,Vanino,Paradip,Supramax,55000.0,17.95,Vanino->Paradip|Supramax,2.8875901149342877,0.0,0.0,-0.003892137245904021,17.9675,0.0019479615973338046,-0.0009744554261728947,0.8660254037844386,0.5000000000000001,2,2,20.13,0.11462112471741215,18.02,0.0,0.0
2026-02-27,Vanino,Paradip,Supramax,55000.0,18.02,Vanino->Paradip|Supramax,2.8914822521801917,0.0038921372459039616,0.0038921372459039616,0.0,17.9675,0.0019479615973338046,0.0029176818197312092,0.8660254037844386,0.5000000000000001,2,2,21.21,0.16299051639639925,20.13,0.0,0.0
2026-03-06,Vanino,Paradip,Supramax,55000.0,20.13,Vanino->Paradip|Supramax,3.0022112396517002,0.11072898747150828,0.11462112471741215,0.11462112471741215,18.5125,0.05827619768117898,0.08376506005778298,1.0,6.123233995736766e-17,2,2,38.6,0.6510410368190852,21.21,0.0,0.0
2026-03-13,Vanino,Paradip,Supramax,55000.0,21.21,Vanino->Paradip|Supramax,3.0544727685765913,0.05226152892489104,0.16299051639639925,0.16688265364230326,19.3275,0.08340042586661062,0.09294381636409826,1.0,6.123233995736766e-17,2,2,38.6,0.5987795078941941,38.6,0.0,0.0
2025-10-31,Xingang,Paradip/Haldia,Panamax,44000.0,17.5,Xingang->Paradip/Haldia|Panamax,2.8622008809294686,0.0,0.009761777201953833,-0.034815419685364966,17.612499999999997,0.01974136491301693,-0.006407996295330071,-0.8660254037844386,0.5000000000000001,3,1,17.54,0.00228310601456855,17.54,0.0,0.0
2025-11-07,Xingang,Paradip/Haldia,Panamax,44000.0,17.55,Xingang->Paradip/Haldia|Panamax,2.865053949911875,0.0028530689824064807,0.0028530689824064807,-0.03196235070295845,17.47,0.005510219072006097,0.004568825765909649,-0.5000000000000004,0.8660254037844384,3,1,17.42,-0.007434978487517978,17.42,0.0,0.129999999999999
2025-11-14,Xingang,Paradip/Haldia,Panamax,44000.0,17.54,Xingang->Paradip/Haldia|Panamax,2.864483986944037,-0.0005699629678378702,0.00228310601456855,0.012044883216522381,17.5225,0.0015009020628752553,0.0009982175516940195,-0.5000000000000004,0.8660254037844384,3,1,17.25,-0.01667184346666812,17.25,0.0,0.28999999999999915
2025-11-21,Xingang,Paradip/Haldia,Panamax,44000.0,17.42,Xingang->Paradip/Haldia|Panamax,2.857618971424357,-0.006865015519680084,-0.007434978487517978,-0.004581909505111509,17.5025,0.003376107775314142,-0.004724756444858858,-0.5000000000000004,0.8660254037844384,3,1,17.28,-0.00806920804844724,17.25,0.0,0.1700000000000017
2025-11-28,Xingang,Paradip/Haldia,Panamax,44000.0,17.25,Xingang->Paradip/Haldia|Panamax,2.847812143477369,-0.009806827946988063,-0.01667184346666812,-0.014388737452099556,17.44,0.00801385905704715,-0.010954275003464922,-0.5000000000000004,0.8660254037844384,3,1,16.58,-0.03961499377021991,16.58,1.0,0.6700000000000017
2025-12-05,Xingang,Paradip/Haldia,Panamax,44000.0,17.28,Xingang->Paradip/Haldia|Panamax,2.8495497633759097,0.001737619898540878,-0.00806920804844724,-0.015504186535965199,17.372500000000002,0.007713841196420945,-0.0053387328304359185,-2.4492935982947064e-16,1.0,3,1,16.15,-0.06762971370724422,16.15,1.0,1.1300000000000026
2025-12-12,Xingang,Paradip/Haldia,Panamax,44000.0,16.58,Xingang->Paradip/Haldia|Panamax,2.8081971497071487,-0.04135261366876081,-0.03961499377021991,-0.056286837236888126,17.1325,0.021929691413859833,-0.03278009477069287,-2.4492935982947064e-16,1.0,3,1,15.62,-0.05964500529560894,15.62,1.0,0.9599999999999991
2025-12-19,Xingang,Paradip/Haldia,Panamax,44000.0,16.15,Xingang->Paradip/Haldia|Panamax,2.7819200496686656,-0.026277100038483363,-0.06762971370724422,-0.0756989217556914,16.814999999999998,0.03262588698723474,-0.040351295523567345,-2.4492935982947064e-16,1.0,3,1,14.95,-0.07720874983197008,14.95,1.0,1.1999999999999993
2025-12-26,Xingang,Paradip/Haldia,Panamax,44000.0,15.62,Xingang->Paradip/Haldia|Panamax,2.7485521444115397,-0.03336790525712555,-0.05964500529560894,-0.09925999906582889,16.4075,0.04277175103468633,-0.049186402954200834,-2.4492935982947064e-16,1.0,3,1,14.88,-0.04853411500659405,14.88,1.0,0.7399999999999984
2026-01-02,Xingang,Paradip/Haldia,Panamax,44000.0,14.95,Xingang->Paradip/Haldia|Panamax,2.7047112998366956,-0.04384084457484449,-0.07720874983197008,-0.1448384635392142,15.824999999999998,0.044433462002454266,-0.056879668193544314,0.49999999999999994,0.8660254037844387,3,1,15.11,0.010645476447952672,14.88,0.0,0.06999999999999851
2026-01-09,Xingang,Paradip/Haldia,Panamax,44000.0,14.88,Xingang->Paradip/Haldia|Panamax,2.700018029404946,-0.0046932704317495565,-0.04853411500659405,-0.10817912030220289,15.4,0.039029521343341984,-0.03434948001463768,0.49999999999999994,0.8660254037844387,3,1,15.49,0.04017662502383147,15.11,0.0,0.0
2026-01-16,Xingang,Paradip/Haldia,Panamax,44000.0,15.11,Xingang->Paradip/Haldia|Panamax,2.715356776284648,0.015338746879702325,0.010645476447952672,-0.06656327338401724,15.14,0.022071705917833168,-0.0019834717246546415,0.49999999999999994,0.8660254037844387,3,1,16.16,0.06718227680830124,15.49,0.0,0.0
2026-01-23,Xingang,Paradip/Haldia,Panamax,44000.0,15.49,Xingang->Paradip/Haldia|Panamax,2.740194654428777,0.024837878144129192,0.04017662502383147,-0.008357489982762551,15.1075,0.01804169961691894,0.025003345175200788,0.49999999999999994,0.8660254037844387,3,1,16.18,0.04358125720156828,16.16,0.0,0.0
2026-01-30,Xingang,Paradip/Haldia,Panamax,44000.0,16.16,Xingang->Paradip/Haldia|Panamax,2.7825390530929495,0.04234439866417201,0.06718227680830124,0.07782775325625396,15.41,0.03632072042982434,0.047522403760924876,0.49999999999999994,0.8660254037844387,3,1,16.27,0.006783868137997171,16.18,0.0,0.0
2026-02-06,Xingang,Paradip/Haldia,Panamax,44000.0,16.18,Xingang->Paradip/Haldia|Panamax,2.7837759116303458,0.0012368585373962004,0.04358125720156828,0.08375788222539986,15.735,0.03341399921589292,0.02788838111397546,0.8660254037844386,0.5000000000000001,3,1,16.27,0.005547009600600683,16.27,0.0,0.0
2026-02-13,Xingang,Paradip/Haldia,Panamax,44000.0,16.27,Xingang->Paradip/Haldia|Panamax,2.7893229212309465,0.005547009600600683,0.006783868137997171,0.07396614494629815,16.025,0.02245622991007121,0.01517291842421284,0.8660254037844386,0.5000000000000001,3,1,16.42,0.009177182793335901,16.27,0.0,0.0
2026-02-20,Xingang,Paradip/Haldia,Panamax,44000.0,16.27,Xingang->Paradip/Haldia|Panamax,2.7893229212309465,0.0,0.005547009600600683,0.04912826680216911,16.22,0.0035949148550078213,0.0030778725436796366,0.8660254037844386,0.5000000000000001,3,1,19.94,0.2034048433027459,16.42,0.0,0.0
2026-02-27,Xingang,Paradip/Haldia,Panamax,44000.0,16.42,Xingang->Paradip/Haldia|Panamax,2.7985001040242823,0.009177182793335901,0.009177182793335901,0.015961050931332967,16.285,0.006109839957662495,0.008255665296085412,0.8660254037844386,0.5000000000000001,3,1,23.95,0.377468219832642,19.94,0.0,0.0
2026-03-06,Xingang,Paradip/Haldia,Panamax,44000.0,19.94,Xingang->Paradip/Haldia|Panamax,2.9927277645336923,0.19422766050941012,0.2034048433027459,0.20895185290334675,17.225,0.10515998193712138,0.14636594763396993,1.0,6.123233995736766e-17,3,1,25.14,0.23173243862840898,23.95,0.0,0.0
2026-03-13,Xingang,Paradip/Haldia,Panamax,44000.0,23.95,Xingang->Paradip/Haldia|Panamax,3.175968323856924,0.18324055932323183,0.377468219832642,0.38664540262597785,19.145000000000003,0.18931907863633168,0.22392673892766615,1.0,6.123233995736766e-17,3,1,25.14,0.04849187930517717,25.14,0.0,0.0
2025-10-31,Xingang,Paradip/Haldia,Supramax,38000.0,18.73,Xingang->Paradip/Haldia|Supramax,2.930126516455997,0.000534045406551155,0.012355784371718104,-0.037206282576295886,18.8475,0.021701182635730853,-0.006253762647722685,-0.8660254037844386,0.5000000000000001,3,2,18.78,0.002665957324119696,18.78,0.0,0.0
2025-11-07,Xingang,Paradip/Haldia,Supramax,38000.0,18.79,Xingang->Paradip/Haldia|Supramax,2.933324813425374,0.0031982969693767037,0.0037323423759279455,-0.034007985606919186,18.685,0.00680482780225235,0.005603750487926698,-0.5000000000000004,0.8660254037844384,3,2,18.62,-0.009088541576452808,18.62,0.0,0.16999999999999815
2025-11-14,Xingang,Paradip/Haldia,Supramax,38000.0,18.78,Xingang->Paradip/Haldia|Supramax,2.932792473780117,-0.0005323396452569987,0.002665957324119696,0.015021741695837781,18.755,0.0018725057767468927,0.001332090246266353,-0.5000000000000004,0.8660254037844384,3,2,18.41,-0.019898478535130416,18.41,0.0,0.370000000000001
2025-11-21,Xingang,Paradip/Haldia,Supramax,38000.0,18.62,Xingang->Paradip/Haldia|Supramax,2.924236271848921,-0.0085562019311958,-0.009088541576452808,-0.005356199200524846,18.73,0.00415850558659943,-0.005890244607076138,-0.5000000000000004,0.8660254037844384,3,2,18.45,-0.00917190136238487,18.41,0.0,0.21000000000000085
2025-11-28,Xingang,Paradip/Haldia,Supramax,38000.0,18.41,Xingang->Paradip/Haldia|Supramax,2.9128939952449864,-0.011342276603934607,-0.019898478535130416,-0.01723252121101065,18.65,0.009541624890108987,-0.012952150844837978,-0.5000000000000004,0.8660254037844384,3,2,17.71,-0.038764543450244306,17.71,1.0,0.6999999999999993
2025-12-05,Xingang,Paradip/Haldia,Supramax,38000.0,18.45,Xingang->Paradip/Haldia|Supramax,2.915064370486536,0.0021703752415496605,-0.00917190136238487,-0.01826044293883772,18.565,0.00914644806675715,-0.006213717142507334,-2.4492935982947064e-16,1.0,3,2,17.24,-0.0678321052509892,17.24,1.0,1.2100000000000009
2025-12-12,Xingang,Paradip/Haldia,Supramax,38000.0,17.71,Xingang->Paradip/Haldia|Supramax,2.8741294517947424,-0.04093491869179388,-0.038764543450244306,-0.058663021985374736,18.2975,0.02197617288476182,-0.03263498669850285,-2.4492935982947064e-16,1.0,3,2,16.72,-0.05752384413818672,16.72,1.0,0.990000000000002
2025-12-19,Xingang,Paradip/Haldia,Supramax,38000.0,17.24,Xingang->Paradip/Haldia|Supramax,2.847232265235547,-0.026897186559195235,-0.0678321052509892,-0.07700400661337413,17.9525,0.032531989178742476,-0.04049711576678859,-2.4492935982947064e-16,1.0,3,2,16.02,-0.07339432359533382,16.02,1.0,1.2199999999999989
2025-12-26,Xingang,Paradip/Haldia,Supramax,38000.0,16.72,Xingang->Paradip/Haldia|Supramax,2.8166056076565553,-0.03062665757899149,-0.05752384413818672,-0.09628838758843104,17.53,0.041906450839568246,-0.04730809127658773,-2.4492935982947064e-16,1.0,3,2,15.92,-0.04902942724031852,15.92,1.0,0.7999999999999989
2026-01-02,Xingang,Paradip/Haldia,Supramax,38000.0,16.02,Xingang->Paradip/Haldia|Supramax,2.7738379416402132,-0.04276766601634237,-0.07339432359533382,-0.14122642884632303,16.9225,0.04283693544954205,-0.05480615576041242,0.49999999999999994,0.8660254037844387,3,2,16.22,0.01240710704705373,15.92,0.0,0.09999999999999964
2026-01-09,Xingang,Paradip/Haldia,Supramax,38000.0,15.92,Xingang->Paradip/Haldia|Supramax,2.767576180416237,-0.006261761223976222,-0.04902942724031852,-0.10655327137850523,16.474999999999998,0.03774844755374207,-0.03426789997233385,0.49999999999999994,0.8660254037844387,3,2,16.96,0.06328144994752001,16.22,0.0,0.0
2026-01-16,Xingang,Paradip/Haldia,Supramax,38000.0,16.22,Xingang->Paradip/Haldia|Supramax,2.7862450486872667,0.018668868271029797,0.01240710704705373,-0.060987216548280106,16.22,0.02194220766961003,0.0,0.49999999999999994,0.8660254037844387,3,2,17.74,0.0895769281941665,16.96,0.0,0.0
2026-01-23,Xingang,Paradip/Haldia,Supramax,38000.0,16.96,Xingang->Paradip/Haldia|Supramax,2.830857630363757,0.04461258167649036,0.06328144994752001,0.014252022707201632,16.28,0.028880667784613137,0.04092026978936273,0.49999999999999994,0.8660254037844387,3,2,17.76,0.04609110720026709,17.74,0.0,0.0
2026-01-30,Xingang,Paradip/Haldia,Supramax,38000.0,17.74,Xingang->Paradip/Haldia|Supramax,2.8758219768814333,0.04496434651767634,0.0895769281941665,0.10198403524122031,16.71,0.048711041654777326,0.05981463427413086,0.49999999999999994,0.8660254037844387,3,2,17.87,0.007301352289903404,17.76,0.0,0.0
2026-02-06,Xingang,Paradip/Haldia,Supramax,38000.0,17.76,Xingang->Paradip/Haldia|Supramax,2.876948737564024,0.0011267606825906672,0.04609110720026709,0.1093725571477872,17.17,0.042793022445651085,0.03378506265463974,0.8660254037844386,0.5000000000000001,3,2,17.87,0.006174591607312687,17.87,0.0,0.0
2026-02-13,Xingang,Paradip/Haldia,Supramax,38000.0,17.87,Xingang->Paradip/Haldia|Supramax,2.8831233291713367,0.006174591607312687,0.007301352289903404,0.09687828048406986,17.5825,0.023825807203474065,0.016219239971300422,0.8660254037844386,0.5000000000000001,3,2,18.07,0.01112977543280046,17.87,0.0,0.0
2026-02-20,Xingang,Paradip/Haldia,Supramax,38000.0,17.87,Xingang->Paradip/Haldia|Supramax,2.8831233291713367,0.0,0.006174591607312687,0.052265698807579745,17.810000000000002,0.0039169847532196005,0.003363231869766232,0.8660254037844386,0.5000000000000001,3,2,21.84,0.2006198217053676,18.07,0.0,0.0
2026-02-27,Xingang,Paradip/Haldia,Supramax,38000.0,18.07,Xingang->Paradip/Haldia|Supramax,2.8942531046041373,0.01112977543280046,0.01112977543280046,0.018431127722703902,17.892500000000002,0.0072206920874784315,0.009871473973521453,0.8660254037844386,0.5000000000000001,3,2,26.96,0.40010118143996914,21.84,0.0,0.0
2026-03-06,Xingang,Paradip/Haldia,Supramax,38000.0,21.84,Xingang->Paradip/Haldia|Supramax,3.083743150876704,0.1894900462725672,0.2006198217053676,0.2067944133126802,18.9125,0.10331487616868568,0.14392007176222998,1.0,6.123233995736766e-17,3,2,28.19,0.25522415424931694,26.96,0.0,0.0
2026-03-13,Xingang,Paradip/Haldia,Supramax,38000.0,26.96,Xingang->Paradip/Haldia|Supramax,3.2943542860441064,0.21061113516740204,0.40010118143996914,0.41123095687276967,21.185,0.2011397766433037,0.2410609019655838,1.0,6.123233995736766e-17,3,2,28.19,0.04461301908191496,28.19,0.0,0.0
2025-10-31,Xingang,Paradip,HandyMax,22000.0,25.71,Xingang->Paradip|HandyMax,3.246880021277798,0.00038902937662399706,0.011343755516490181,-0.03740894213863462,25.880000000000003,0.021502202998506224,-0.006590448354901814,-0.8660254037844386,0.5000000000000001,3,0,25.78,0.0027189762332431367,25.78,0.0,0.0
2025-11-07,Xingang,Paradip,HandyMax,22000.0,25.79,Xingang->Paradip|HandyMax,3.2499868198932536,0.0031067986154553326,0.003495827992079283,-0.03430214352317939,25.655,0.006305248130215664,0.005248335499325146,-0.5000000000000004,0.8660254037844384,3,0,25.57,-0.008567030590158082,25.57,0.0,0.21999999999999886
2025-11-14,Xingang,Paradip,HandyMax,22000.0,25.78,Xingang->Paradip|HandyMax,3.2495989975110415,-0.0003878223822120318,0.0027189762332431367,0.014062731749733336,25.744999999999997,0.001808019685864351,0.0013585640129367446,-0.5000000000000004,0.8660254037844384,3,0,25.3,-0.018794601777566776,25.3,0.0,0.4800000000000004
2025-11-21,Xingang,Paradip,HandyMax,22000.0,25.57,Xingang->Paradip|HandyMax,3.2414197893030954,-0.00817920820794611,-0.008567030590158082,-0.005071202598078845,25.712500000000002,0.003945468233617705,-0.005557465675980412,-0.5000000000000004,0.8660254037844384,3,0,25.35,-0.008641059265903028,25.3,0.0,0.2699999999999996
2025-11-28,Xingang,Paradip,HandyMax,22000.0,25.3,Xingang->Paradip|HandyMax,3.2308043957334744,-0.010615393569620692,-0.018794601777566776,-0.016075625544323523,25.61,0.008989351373074179,-0.012178504477959266,-0.5000000000000004,0.8660254037844384,3,0,24.26,-0.041975492217570465,24.26,1.0,1.0399999999999991
2025-12-05,Xingang,Paradip,HandyMax,22000.0,25.35,Xingang->Paradip|HandyMax,3.232778730037192,0.001974334303717608,-0.008641059265903028,-0.017208089856061197,25.5,0.008645257915705454,-0.005899722127188271,-2.4492935982947064e-16,1.0,3,0,23.59,-0.07195583661760856,23.59,1.0,1.7600000000000016
2025-12-12,Xingang,Paradip,HandyMax,22000.0,24.26,Xingang->Paradip|HandyMax,3.1888289035159043,-0.04394982652128807,-0.041975492217570465,-0.06077009399513723,25.12,0.023296437748982782,-0.03483543808409382,-2.4492935982947064e-16,1.0,3,0,22.77,-0.06338502344025593,22.77,1.0,1.490000000000002
2025-12-19,Xingang,Paradip,HandyMax,22000.0,23.59,Xingang->Paradip|HandyMax,3.1608228934195837,-0.028006010096320495,-0.07195583661760856,-0.08059689588351156,24.625,0.03466238243661258,-0.04293929363856887,-2.4492935982947064e-16,1.0,3,0,21.74,-0.08166901172652033,21.74,1.0,1.8500000000000014
2025-12-26,Xingang,Paradip,HandyMax,22000.0,22.77,Xingang->Paradip|HandyMax,3.125443880075648,-0.03537901334393539,-0.06338502344025593,-0.1053605156578264,23.9925,0.04547274725312342,-0.05229740143399745,-2.4492935982947064e-16,1.0,3,0,21.62,-0.05182506786458602,21.62,1.0,1.1499999999999986
2026-01-02,Xingang,Paradip,HandyMax,22000.0,21.74,Xingang->Paradip|HandyMax,3.0791538816930633,-0.04628999838258493,-0.08166901172652033,-0.15362484834412887,23.090000000000003,0.047070633318850856,-0.06024574167334078,0.49999999999999994,0.8660254037844387,3,0,22.0,0.011888571665252505,21.62,0.0,0.11999999999999744
2026-01-09,Xingang,Paradip,HandyMax,22000.0,21.62,Xingang->Paradip|HandyMax,3.073618812211062,-0.005535069482001028,-0.05182506786458602,-0.1152100913048418,22.43,0.041451939184170436,-0.0367805363210547,0.49999999999999994,0.8660254037844387,3,0,23.58,0.08678008289816247,22.0,0.0,0.0
2026-01-16,Xingang,Paradip,HandyMax,22000.0,22.0,Xingang->Paradip|HandyMax,3.091042453358316,0.017423641147253692,0.011888571665252505,-0.06978044006126781,22.0325,0.023447887841736743,-0.0014761826333626006,0.49999999999999994,0.8660254037844387,3,0,24.66,0.11414004437788233,23.58,0.0,0.0
2026-01-23,Xingang,Paradip,HandyMax,22000.0,23.58,Xingang->Paradip|HandyMax,3.160398895109225,0.06935644175090898,0.08678008289816247,0.034955015033576634,22.235,0.04095281726901341,0.05873127114656507,0.49999999999999994,0.8660254037844387,3,0,24.69,0.045999408247863326,24.66,0.0,0.0
2026-01-30,Xingang,Paradip,HandyMax,22000.0,24.66,Xingang->Paradip|HandyMax,3.2051824977361982,0.044783602626973444,0.11414004437788233,0.12602861604313487,22.964999999999996,0.061537621281684336,0.07121117995844164,0.49999999999999994,0.8660254037844387,3,0,24.83,0.0068701017838768644,24.69,0.0,0.0
2026-02-06,Xingang,Paradip,HandyMax,22000.0,24.69,Xingang->Paradip|HandyMax,3.206398303357088,0.0012158056208899498,0.045999408247863326,0.13277949114602602,23.7325,0.05330909482304849,0.03955288658327165,0.8660254037844386,0.5000000000000001,3,0,24.83,0.005654296162987024,24.83,0.0,0.0
2026-02-13,Xingang,Paradip,HandyMax,22000.0,24.83,Xingang->Paradip|HandyMax,3.2120525995200753,0.005654296162987024,0.0068701017838768644,0.12101014616175941,24.44,0.023653859955473814,0.015831465216680444,0.8660254037844386,0.5000000000000001,3,0,25.09,0.0104167608582558,24.83,0.0,0.0
2026-02-20,Xingang,Paradip,HandyMax,22000.0,24.83,Xingang->Paradip|HandyMax,3.2120525995200753,0.0,0.005654296162987024,0.051653704410850425,24.7525,0.003649065455969209,0.0031261055055424214,0.8660254037844386,0.5000000000000001,3,0,29.72,0.17976762032948324,25.09,0.0,0.0
2026-02-27,Xingang,Paradip,HandyMax,22000.0,25.09,Xingang->Paradip|HandyMax,3.222469360378331,0.0104167608582558,0.0104167608582558,0.01728686264213257,24.86,0.0067149284127362985,0.00920927429576599,0.8660254037844386,0.5000000000000001,3,0,36.31,0.3696238250479135,29.72,0.0,0.0
2026-03-06,Xingang,Paradip,HandyMax,22000.0,29.72,Xingang->Paradip|HandyMax,3.391820219849558,0.16935085947122747,0.17976762032948324,0.1854219164924701,26.1175,0.09207589129148483,0.1292146321200323,1.0,6.123233995736766e-17,3,0,37.16,0.22341269409607933,36.31,0.0,0.0
2026-03-13,Xingang,Paradip,HandyMax,22000.0,36.31,Xingang->Paradip|HandyMax,3.5920931854262443,0.20027296557668606,0.3696238250479135,0.38004058590616935,28.987499999999997,0.1853808894104778,0.22522848284459449,1.0,6.123233995736766e-17,3,0,37.16,0.02313972851939313,37.16,0.0,0.0
2025-10-31,Xingang,Paradip,Panamax,44000.0,15.61,Xingang->Paradip|Panamax,2.7479117345273405,0.0,0.010950189930710622,-0.0370995077109977,15.715,0.02119736533275158,-0.006703935722190218,-0.8660254037844386,0.5000000000000001,3,1,15.65,0.0025591824588216613,15.65,0.0,0.0
2025-11-07,Xingang,Paradip,Panamax,44000.0,15.66,Xingang->Paradip|Panamax,2.751109690562657,0.003197956035316293,0.003197956035316293,-0.03390155167568134,15.58,0.006178660281640082,0.005121650120054924,-0.5000000000000004,0.8660254037844384,3,1,15.53,-0.008336053402061375,15.53,0.0,0.13000000000000078
2025-11-14,Xingang,Paradip,Panamax,44000.0,15.65,Xingang->Paradip|Panamax,2.750470916986162,-0.0006387735764947879,0.0025591824588216613,0.013509372389532159,15.6325,0.0016823640746361495,0.0011188365268463834,-0.5000000000000004,0.8660254037844384,3,1,15.37,-0.018053359435657765,15.37,0.0,0.28000000000000114
2025-11-21,Xingang,Paradip,Panamax,44000.0,15.53,Xingang->Paradip|Panamax,2.7427736371605955,-0.0076972798255666,-0.008336053402061375,-0.005138097366745041,15.6125,0.0037848087325825725,-0.0052982382911004305,-0.5000000000000004,0.8660254037844384,3,1,15.4,-0.008406127741012149,15.37,0.0,0.16000000000000014
2025-11-28,Xingang,Paradip,Panamax,44000.0,15.37,Xingang->Paradip|Panamax,2.7324175575505043,-0.010356079610091164,-0.018053359435657765,-0.015494176976836232,15.5525,0.008696138125132206,-0.011803839856533414,-0.5000000000000004,0.8660254037844384,3,1,14.75,-0.04117447476467559,14.75,1.0,0.6199999999999992
2025-12-05,Xingang,Paradip,Panamax,44000.0,15.4,Xingang->Paradip|Panamax,2.7343675094195836,0.0019499518690791566,-0.008406127741012149,-0.016742181143073524,15.487499999999999,0.008308583544560369,-0.005665737535677308,-2.4492935982947064e-16,1.0,3,1,14.35,-0.07061756721395342,14.35,1.0,1.0500000000000007
2025-12-12,Xingang,Paradip,Panamax,44000.0,14.75,Xingang->Paradip|Panamax,2.691243082785829,-0.04312442663375469,-0.04117447476467559,-0.05922783420033336,15.2625,0.02284371280483746,-0.03415575665099423,-2.4492935982947064e-16,1.0,3,1,13.85,-0.06295785015248137,13.85,1.0,0.9000000000000004
2025-12-19,Xingang,Paradip,Panamax,44000.0,14.35,Xingang->Paradip|Panamax,2.66374994220563,-0.027493140580198732,-0.07061756721395342,-0.07902369495496557,14.9675,0.03401646461874781,-0.04213124161173996,-2.4492935982947064e-16,1.0,3,1,13.23,-0.08126296407876575,13.23,1.0,1.1199999999999992
2025-12-26,Xingang,Paradip,Panamax,44000.0,13.85,Xingang->Paradip|Panamax,2.6282852326333477,-0.035464709572282656,-0.06295785015248137,-0.10413232491715697,14.5875,0.04489796794773703,-0.051879764979326885,-2.4492935982947064e-16,1.0,3,1,13.16,-0.05110330673617629,13.16,1.0,0.6899999999999995
2026-01-02,Xingang,Paradip,Panamax,44000.0,13.23,Xingang->Paradip|Panamax,2.5824869781268642,-0.04579825450648316,-0.08126296407876575,-0.1518805312927191,14.045,0.04673037877874815,-0.05977948242934261,0.49999999999999994,0.8660254037844387,3,1,13.38,0.011274076573218161,13.16,0.0,0.07000000000000028
2026-01-09,Xingang,Paradip,Panamax,44000.0,13.16,Xingang->Paradip|Panamax,2.5771819258971713,-0.005305052229693229,-0.05110330673617629,-0.11406115688865764,13.6475,0.04115672824414448,-0.036374428776604524,0.49999999999999994,0.8660254037844387,3,1,13.74,0.04312936089703224,13.38,0.0,0.0
2026-01-16,Xingang,Paradip,Panamax,44000.0,13.38,Xingang->Paradip|Panamax,2.5937610547000824,0.016579128802911264,0.011274076573218161,-0.06998888750554766,13.405000000000001,0.02316577165270316,-0.0018667169878402356,0.49999999999999994,0.8660254037844387,3,1,14.37,0.07138164539085105,13.74,0.0,0.0
2026-01-23,Xingang,Paradip,Panamax,44000.0,13.74,Xingang->Paradip|Panamax,2.620311286794203,0.02655023209412075,0.04312936089703224,-0.007973945839144228,13.3775,0.01932388855123803,0.02673709559088061,0.49999999999999994,0.8660254037844387,3,1,14.39,0.04622223410507326,14.37,0.0,0.0
2026-01-30,Xingang,Paradip,Panamax,44000.0,14.37,Xingang->Paradip|Panamax,2.6651427000909336,0.04483141329673011,0.07138164539085105,0.08265572196406919,13.662500000000001,0.03870417579496836,0.050487846588276354,0.49999999999999994,0.8660254037844387,3,1,14.47,0.006934840552458953,14.39,0.0,0.0
2026-02-06,Xingang,Paradip,Panamax,44000.0,14.39,Xingang->Paradip|Panamax,2.6665335208992764,0.0013908208083430271,0.04622223410507326,0.08935159500210543,13.969999999999999,0.03548906300999373,0.029621347630406067,0.8660254037844386,0.5000000000000001,3,1,14.47,0.0055440197441161175,14.47,0.0,0.0
2026-02-13,Xingang,Paradip,Panamax,44000.0,14.47,Xingang->Paradip|Panamax,2.6720775406433925,0.0055440197441161175,0.006934840552458953,0.07831648594331014,14.242500000000001,0.02371596135953751,0.015847088270978953,0.8660254037844386,0.5000000000000001,3,1,14.62,0.010312913678239765,14.47,0.0,0.0
2026-02-20,Xingang,Paradip,Panamax,44000.0,14.47,Xingang->Paradip|Panamax,2.6720775406433925,0.0,0.0055440197441161175,0.051766253849189245,14.425,0.0036463856355971936,0.003114728249229164,0.8660254037844386,0.5000000000000001,3,1,17.94,0.2149553159872576,14.62,0.0,0.0
2026-02-27,Xingang,Paradip,Panamax,44000.0,14.62,Xingang->Paradip|Panamax,2.6823904543216326,0.010312913678239765,0.010312913678239765,0.01724775423069882,14.487499999999999,0.006629636829092076,0.009104245655762294,0.8660254037844386,0.5000000000000001,3,1,21.78,0.39860166318318213,17.94,0.0,0.0
2026-03-06,Xingang,Paradip,Panamax,44000.0,17.94,Xingang->Paradip|Panamax,2.88703285663065,0.2046424023090178,0.2149553159872576,0.2204993357313737,15.375000000000002,0.11131456025133193,0.15429004293806842,1.0,6.123233995736766e-17,3,1,22.89,0.2436672773338252,21.78,0.0,0.0
2026-03-13,Xingang,Paradip,Panamax,44000.0,21.78,Xingang->Paradip|Panamax,3.0809921175048145,0.19395926087416443,0.39860166318318213,0.4089145768614219,17.2025,0.20034369340787644,0.23593739541031655,1.0,6.123233995736766e-17,3,1,22.89,0.04970801645966093,22.89,0.0,0.0
2025-10-31,Xingang,Paradip,Supramax,38000.0,17.34,Xingang->Paradip|Supramax,2.853015971352396,0.0005768676248810656,0.012768600638799739,-0.03846628082779605,17.4525,0.02244349144441635,-0.006466933510023709,-0.8660254037844386,0.5000000000000001,3,2,17.39,0.002879357013795951,17.39,0.0,0.0
2025-11-07,Xingang,Paradip,Supramax,38000.0,17.4,Xingang->Paradip|Supramax,2.856470206220483,0.0034542348680873824,0.004031102492968743,-0.035012045959708575,17.2975,0.007070632484061085,0.0059082238296541845,-0.5000000000000004,0.8660254037844384,3,2,17.24,-0.009237940984936362,17.24,0.0,0.16000000000000014
2025-11-14,Xingang,Paradip,Supramax,38000.0,17.39,Xingang->Paradip|Supramax,2.855895328366192,-0.0005748778542915523,0.002879357013795951,0.015647957652595506,17.365,0.0020223925046264713,0.0014386421701544536,-0.5000000000000004,0.8660254037844384,3,2,17.04,-0.020331806965022084,17.04,1.0,0.3500000000000014
2025-11-21,Xingang,Paradip,Supramax,38000.0,17.24,Xingang->Paradip|Supramax,2.847232265235547,-0.008663063130644777,-0.009237940984936362,-0.005206838491967642,17.342499999999998,0.0042208815061260145,-0.005927871041772241,-0.5000000000000004,0.8660254037844384,3,2,17.07,-0.009909728429197672,17.04,0.0,0.1999999999999993
2025-11-28,Xingang,Paradip,Supramax,38000.0,17.04,Xingang->Paradip|Supramax,2.8355635214011694,-0.011668743834377378,-0.020331806965022084,-0.017452449951226166,17.2675,0.00975238610093307,-0.013262600579821199,-0.5000000000000004,0.8660254037844384,3,2,16.37,-0.04011313001812607,16.37,1.0,0.6699999999999982
2025-12-05,Xingang,Paradip,Supramax,38000.0,17.07,Xingang->Paradip|Supramax,2.837322536806349,0.0017590154051796245,-0.009909728429197672,-0.01914766941413397,17.185,0.009460768808656423,-0.006714373495447845,-2.4492935982947064e-16,1.0,3,2,15.92,-0.06974635639011237,15.92,1.0,1.1500000000000004
2025-12-12,Xingang,Paradip,Supramax,38000.0,16.37,Xingang->Paradip|Supramax,2.7954503913830435,-0.04187214542330563,-0.04011313001812607,-0.06044493698314811,16.93,0.022656800414640223,-0.033636804762000344,-2.4492935982947064e-16,1.0,3,2,15.42,-0.05978502324786014,15.42,1.0,0.9500000000000011
2025-12-19,Xingang,Paradip,Supramax,38000.0,15.92,Xingang->Paradip|Supramax,2.767576180416237,-0.027874210966806694,-0.06974635639011237,-0.07965608481931004,16.6,0.033537142447585135,-0.04182651494626064,-2.4492935982947064e-16,1.0,3,2,14.76,-0.07565536124391056,14.76,1.0,1.1600000000000001
2025-12-26,Xingang,Paradip,Supramax,38000.0,15.42,Xingang->Paradip|Supramax,2.7356653681351832,-0.031910812281053524,-0.05978502324786014,-0.09989815326598622,16.195,0.04325995586494546,-0.04903718448810923,-2.4492935982947064e-16,1.0,3,2,14.67,-0.049860775980293134,14.67,1.0,0.75
2026-01-02,Xingang,Paradip,Supramax,38000.0,14.76,Xingang->Paradip|Supramax,2.6919208191723265,-0.04374454896285695,-0.07565536124391056,-0.14540171763402282,15.617500000000001,0.04423955396495715,-0.05647126121326158,0.49999999999999994,0.8660254037844387,3,2,14.96,0.01345915337400471,14.67,0.0,0.08999999999999986
2026-01-09,Xingang,Paradip,Supramax,38000.0,14.67,Xingang->Paradip|Supramax,2.6858045921548905,-0.006116227017436094,-0.049860775980293134,-0.10964579922815322,15.192499999999999,0.03877494017532761,-0.0349972928724828,0.49999999999999994,0.8660254037844387,3,2,15.66,0.06530509840776674,14.96,0.0,0.0
2026-01-16,Xingang,Paradip,Supramax,38000.0,14.96,Xingang->Paradip|Supramax,2.7053799725463312,0.01957538039144099,0.01345915337400471,-0.06219620786990569,14.9525,0.0223643171472421,0.0005014626097562411,0.49999999999999994,0.8660254037844387,3,2,16.4,0.0919013622838215,15.66,0.0,0.0
2026-01-23,Xingang,Paradip,Supramax,38000.0,15.66,Xingang->Paradip|Supramax,2.751109690562657,0.04572971801632572,0.06530509840776674,0.015444322427473556,15.0125,0.02986565300888311,0.042226503156555094,0.49999999999999994,0.8660254037844387,3,2,16.43,0.04799924148651957,16.4,0.0,0.0
2026-01-30,Xingang,Paradip,Supramax,38000.0,16.4,Xingang->Paradip|Supramax,2.797281334830153,0.04617164426749558,0.0919013622838215,0.10536051565782614,15.4225,0.05011441722844978,0.061453852728496065,0.49999999999999994,0.8660254037844387,3,2,16.53,0.007895577002780188,16.43,0.0,0.0
2026-02-06,Xingang,Paradip,Supramax,38000.0,16.43,Xingang->Paradip|Supramax,2.799108932049177,0.0018275972190240858,0.04799924148651957,0.11330433989428645,15.862499999999999,0.044076293808563045,0.03515109900867082,0.8660254037844386,0.5000000000000001,3,2,16.53,0.0060679797837562685,16.53,0.0,0.0
2026-02-13,Xingang,Paradip,Supramax,38000.0,16.53,Xingang->Paradip|Supramax,2.805176911832933,0.0060679797837562685,0.007895577002780188,0.09979693928660166,16.255,0.024641113528699018,0.0167763580770643,0.8660254037844386,0.5000000000000001,3,2,16.72,0.01142869582362263,16.53,0.0,0.0
2026-02-20,Xingang,Paradip,Supramax,38000.0,16.53,Xingang->Paradip|Supramax,2.805176911832933,0.0,0.0060679797837562685,0.05406722127027579,16.4725,0.004098675388380466,0.0034845880270949914,0.8660254037844386,0.5000000000000001,3,2,20.32,0.20642871087734826,16.72,0.0,0.0
2026-02-27,Xingang,Paradip,Supramax,38000.0,16.72,Xingang->Paradip|Supramax,2.8166056076565553,0.01142869582362263,0.01142869582362263,0.019324272826402842,16.552500000000002,0.007322711709440036,0.01006845983969123,0.8660254037844386,0.5000000000000001,3,2,25.22,0.41103172288021794,20.32,0.0,0.0
2026-03-06,Xingang,Paradip,Supramax,38000.0,20.32,Xingang->Paradip|Supramax,3.011605622710281,0.1950000150537257,0.20642871087734826,0.2124966906611045,17.525,0.10644706104807353,0.14797718978962748,1.0,6.123233995736766e-17,3,2,26.38,0.26100052457888734,25.22,0.0,0.0
2026-03-13,Xingang,Paradip,Supramax,38000.0,25.22,Xingang->Paradip|Supramax,3.2276373305367736,0.21603170782649236,0.41103172288021794,0.42246041870384055,19.697499999999998,0.20681092858575528,0.24714560639906752,1.0,6.123233995736766e-17,3,2,26.38,0.0449688167523951,26.38,0.0,0.0
