month,coal_australia,coal_south_africa,iron_ore_cfr_spot,crude_oil_avg,crude_oil_brent
1960-01-01,,,11.42,1.63000011444,1.63000011444
1960-02-01,,,11.42,1.63000011444,1.63000011444
1960-03-01,,,11.42,1.63000011444,1.63000011444
1960-04-01,,,11.42,1.63000011444,1.63000011444
1960-05-01,,,11.42,1.63000011444,1.63000011444
1960-06-01,,,11.42,1.63000011444,1.63000011444
1960-07-01,,,11.42,1.63000011444,1.63000011444
1960-08-01,,,11.42,1.63000011444,1.63000011444
1960-09-01,,,11.42,1.63000011444,1.63000011444
1960-10-01,,,11.42,1.63000011444,1.63000011444
1960-11-01,,,11.42,1.63000011444,1.63000011444
1960-12-01,,,11.42,1.63000011444,1.63000011444
1961-01-01,,,11.02,1.57,1.57
1961-02-01,,,11.02,1.57,1.57
1961-03-01,,,11.02,1.57,1.57
1961-04-01,,,11.02,1.57,1.57
1961-05-01,,,11.02,1.57,1.57
1961-06-01,,,11.02,1.57,1.57
1961-07-01,,,11.02,1.57,1.57
1961-08-01,,,11.02,1.57,1.57
1961-09-01,,,11.02,1.57,1.57
1961-10-01,,,11.02,1.57,1.57
1961-11-01,,,11.02,1.57,1.57
1961-12-01,,,11.02,1.57,1.57
1962-01-01,,,11.01,1.52,1.52
1962-02-01,,,11.01,1.52,1.52
1962-03-01,,,11.01,1.52,1.52
1962-04-01,,,11.01,1.52,1.52
1962-05-01,,,11.01,1.52,1.52
1962-06-01,,,11.01,1.52,1.52
1962-07-01,,,11.01,1.52,1.52
1962-08-01,,,11.01,1.52,1.52
1962-09-01,,,11.01,1.52,1.52
1962-10-01,,,11.01,1.52,1.52
1962-11-01,,,11.01,1.52,1.52
1962-12-01,,,11.01,1.52,1.52
1963-01-01,,,11.02,1.5,1.5
1963-02-01,,,11.02,1.5,1.5
1963-03-01,,,11.02,1.5,1.5
1963-04-01,,,11.02,1.5,1.5
1963-05-01,,,11.02,1.5,1.5
1963-06-01,,,11.02,1.5,1.5
1963-07-01,,,11.02,1.5,1.5
1963-08-01,,,11.02,1.5,1.5
1963-09-01,,,11.02,1.5,1.5
1963-10-01,,,11.02,1.5,1.5
1963-11-01,,,11.02,1.5,1.5
1963-12-01,,,11.02,1.5,1.5
1964-01-01,,,10.24,1.45,1.45
1964-02-01,,,10.24,1.45,1.45
1964-03-01,,,10.24,1.45,1.45
1964-04-01,,,10.24,1.45,1.45
1964-05-01,,,10.24,1.45,1.45
1964-06-01,,,10.24,1.45,1.45
1964-07-01,,,10.24,1.45,1.45
1964-08-01,,,10.24,1.45,1.45
1964-09-01,,,10.24,1.45,1.45
1964-10-01,,,10.24,1.45,1.45
1964-11-01,,,10.24,1.45,1.45
1964-12-01,,,10.24,1.45,1.45
1965-01-01,,,10.24,1.42,1.42
1965-02-01,,,10.24,1.42,1.42
1965-03-01,,,10.24,1.42,1.42
1965-04-01,,,10.24,1.42,1.42
1965-05-01,,,15.3,1.42,1.42
1965-06-01,,,10.24,1.42,1.42
1965-07-01,,,10.24,1.42,1.42
1965-08-01,,,10.24,1.42,1.42
1965-09-01,,,10.24,1.42,1.42
1965-10-01,,,10.24,1.42,1.42
1965-11-01,,,10.24,1.42,1.42
1965-12-01,,,10.24,1.42,1.42
1966-01-01,,,9.52,1.36,1.36
1966-02-01,,,9.52,1.36,1.36
1966-03-01,,,9.52,1.36,1.36
1966-04-01,,,9.52,1.36,1.36
1966-05-01,,,9.52,1.36,1.36
1966-06-01,,,9.52,1.36,1.36
1966-07-01,,,9.52,1.36,1.36
1966-08-01,,,9.52,1.36,1.36
1966-09-01,,,9.52,1.36,1.36
1966-10-01,,,9.52,1.36,1.36
1966-11-01,,,9.52,1.36,1.36
1966-12-01,,,9.52,1.36,1.36
1967-01-01,,,8.86,1.33,1.33
1967-02-01,,,8.86,1.33,1.33
1967-03-01,,,8.86,1.33,1.33
1967-04-01,,,8.86,1.33,1.33
1967-05-01,,,8.86,1.33,1.33
1967-06-01,,,8.86,1.33,1.33
1967-07-01,,,8.86,1.33,1.33
1967-08-01,,,8.86,1.33,1.33
1967-09-01,,,8.86,1.33,1.33
1967-10-01,,,8.86,1.33,1.33
1967-11-01,,,8.86,1.33,1.33
1967-12-01,,,8.86,1.33,1.33
1968-01-01,,,8.77,1.32,1.32
1968-02-01,,,8.77,1.32,1.32
1968-03-01,,,8.77,1.32,1.32
1968-04-01,,,8.77,1.32,1.32
1968-05-01,,,8.77,1.32,1.32
1968-06-01,,,8.77,1.32,1.32
1968-07-01,,,8.77,1.32,1.32
1968-08-01,,,8.77,1.32,1.32
1968-09-01,,,8.77,1.32,1.32
1968-10-01,,,8.77,1.32,1.32
1968-11-01,,,8.77,1.32,1.32
1968-12-01,,,8.77,1.32,1.32
1969-01-01,,,9.84,1.27,1.27
1969-02-01,,,9.84,1.27,1.27
1969-03-01,,,9.84,1.27,1.27
1969-04-01,,,9.84,1.27,1.27
1969-05-01,,,9.84,1.27,1.27
1969-06-01,,,9.84,1.27,1.27
1969-07-01,,,9.84,1.27,1.27
1969-08-01,,,9.84,1.27,1.27
1969-09-01,,,9.84,1.27,1.27
1969-10-01,,,9.84,1.27,1.27
1969-11-01,,,9.84,1.27,1.27
1969-12-01,,,9.84,1.27,1.27
1970-01-01,7.8,,9.84,1.21,1.21
1970-02-01,7.8,,9.84,1.21,1.21
1970-03-01,7.8,,9.84,1.21,1.21
1970-04-01,7.8,,9.84,1.21,1.21
1970-05-01,7.8,,9.84,1.21,1.21
1970-06-01,7.8,,9.84,1.21,1.21
1970-07-01,7.8,,9.84,1.21,1.21
1970-08-01,7.8,,9.84,1.21,1.21
1970-09-01,7.8,,9.84,1.21,1.21
1970-10-01,7.8,,9.84,1.21,1.21
1970-11-01,7.8,,9.84,1.21,1.21
1970-12-01,7.8,,9.84,1.21,1.21
1971-01-01,8.68,,10.33,1.64,1.64
1971-02-01,8.68,,10.33,1.64,1.64
1971-03-01,8.68,,10.33,1.64,1.64
1971-04-01,8.68,,10.33,1.64,1.64
1971-05-01,8.68,,10.33,1.64,1.64
1971-06-01,8.68,,10.33,1.64,1.64
1971-07-01,8.68,,10.33,1.74,1.74
1971-08-01,8.68,,10.33,1.74,1.74
1971-09-01,8.68,,10.33,1.74,1.74
1971-10-01,8.68,,10.33,1.74,1.74
1971-11-01,8.68,,10.33,1.74,1.74
1971-12-01,8.68,,10.33,1.74,1.74
1972-01-01,9.6,,10.33,1.77,1.77
1972-02-01,9.6,,10.33,1.77,1.77
1972-03-01,9.6,,10.33,1.77,1.77
1972-04-01,9.6,,10.33,1.77,1.77
1972-05-01,9.6,,10.33,1.77,1.77
1972-06-01,9.6,,10.33,1.77,1.77
1972-07-01,9.6,,10.33,1.87,1.87
1972-08-01,9.6,,10.33,1.87,1.87
1972-09-01,9.6,,10.33,1.87,1.87
1972-10-01,9.6,,10.33,1.87,1.87
1972-11-01,9.6,,10.33,1.87,1.87
1972-12-01,9.6,,10.33,1.87,1.87
1973-01-01,11.48,,10.33,2.08,2.08
1973-02-01,11.48,,10.33,2.08,2.08
1973-03-01,11.48,,10.33,2.08,2.08
1973-04-01,11.48,,10.33,2.35,2.35
1973-05-01,11.48,,10.33,2.35,2.35
1973-06-01,11.48,,10.33,2.35,2.35
1973-07-01,11.48,,10.33,2.7,2.7
1973-08-01,11.48,,10.33,2.7,2.7
1973-09-01,11.48,,10.33,2.7,2.7
1973-10-01,11.48,,10.33,4.1,4.1
1973-11-01,11.48,,10.33,4.1,4.1
1973-12-01,11.48,,10.33,4.1,4.1
1974-01-01,16.89,,13.38,13.0,13.0
1974-02-01,16.89,,13.38,13.0,13.0
1974-03-01,16.89,,13.38,13.0,13.0
1974-04-01,16.89,,13.38,10.59999847412,10.59999847412
1974-05-01,16.89,,13.38,10.59999847412,10.59999847412
1974-06-01,16.89,,13.38,10.59999847412,10.59999847412
1974-07-01,16.89,,13.38,10.0,10.0
1974-08-01,16.89,,13.38,10.0,10.0
1974-09-01,16.89,,13.38,10.0,10.0
1974-10-01,16.89,,13.38,10.29999923706,10.29999923706
1974-11-01,16.89,,13.38,10.29999923706,10.29999923706
1974-12-01,16.89,,13.38,10.29999923706,10.29999923706
1975-01-01,26.84,,17.3,10.42000007629,10.42000007629
1975-02-01,26.84,,17.3,10.42000007629,10.42000007629
1975-03-01,26.84,,17.3,10.42000007629,10.42000007629
1975-04-01,26.84,,17.3,10.42000007629,10.42000007629
1975-05-01,26.84,,17.3,10.42000007629,10.42000007629
1975-06-01,26.84,,17.3,10.42000007629,10.42000007629
1975-07-01,26.84,,17.3,10.43000030518,10.43000030518
1975-08-01,26.84,,17.3,10.43000030518,10.43000030518
1975-09-01,26.84,,17.3,10.43000030518,10.43000030518
1975-10-01,26.84,,17.3,10.46000003815,10.46000003815
1975-11-01,26.84,,17.3,10.46000003815,10.46000003815
1975-12-01,26.84,,17.3,10.46000003815,10.46000003815
1976-01-01,27.16,,22.72,11.51000022888,11.51000022888
1976-02-01,27.16,,22.72,11.51000022888,11.51000022888
1976-03-01,27.16,,22.72,11.51000022888,11.51000022888
1976-04-01,27.16,,22.72,11.51000022888,11.51000022888
1976-05-01,27.16,,22.72,11.51000022888,11.51000022888
1976-06-01,27.16,,22.72,11.51000022888,11.51000022888
1976-07-01,27.16,,22.72,11.60000038147,11.60000038147
1976-08-01,27.16,,22.72,11.60000038147,11.60000038147
1976-09-01,27.16,,22.72,11.60000038147,11.60000038147
1976-10-01,27.16,,22.72,11.89999961853,11.89999961853
1976-11-01,27.16,,22.72,11.89999961853,11.89999961853
1976-12-01,27.16,,22.72,11.89999961853,11.89999961853
1977-01-01,28.68,,23.06,12.5,12.5
1977-02-01,28.68,,23.06,12.5,12.5
1977-03-01,28.68,,23.06,12.5,12.5
1977-04-01,28.68,,23.06,12.44999980927,12.44999980927
1977-05-01,28.67777777778,,23.06,12.44999980927,12.44999980927
1977-06-01,28.67777777778,,23.06,12.44999980927,12.44999980927
1977-07-01,28.67777777778,,23.06,12.63000011444,12.63000011444
1977-08-01,28.67777777778,,23.06,12.63000011444,12.63000011444
1977-09-01,28.67777777778,,23.06,12.63000011444,12.63000011444
1977-10-01,28.67777777778,,23.06,12.68000030518,12.68000030518
1977-11-01,28.67777777778,,23.06,12.68000030518,12.68000030518
1977-12-01,28.67777777778,,23.06,12.68000030518,12.68000030518
1978-01-01,27.86888888889,,21.45,12.65999984741,12.65999984741
1978-02-01,27.06,,21.45,12.65999984741,12.65999984741
1978-03-01,27.06,,21.45,12.65999984741,12.65999984741
1978-04-01,27.06,,21.45,12.68000030518,12.68000030518
1978-05-01,28.605,,21.45,12.69999980927,12.69999980927
1978-06-01,30.15,,21.45,12.72999954224,12.72999954224
1978-07-01,30.15,,21.45,12.77000045776,12.77000045776
1978-08-01,30.15,,21.45,12.78999996185,12.78999996185
1978-09-01,30.15,,21.45,12.80000019073,12.80000019073
1978-10-01,30.15,,21.45,12.85000038147,12.85000038147
1978-11-01,30.15,,21.45,13.19999980927,13.19999980927
1978-12-01,30.15,,21.45,14.5,14.5
1979-01-01,30.15,,23.5,17.4500002861,18.95000076294
1979-02-01,30.15,,23.5,20.75,22.0
1979-03-01,30.15,,23.5,22.02499961853,23.25
1979-04-01,30.15,,23.5,22.42500019073,23.64999961853
1979-05-01,30.15,,23.5,33.5,32.75
1979-06-01,30.15,,23.5,34.67499923706,36.5
1979-07-01,30.15,,23.5,33.5,35.0
1979-08-01,31.26,,23.5,34.0,35.75
1979-09-01,31.26,,23.5,35.5,36.5
1979-10-01,32.37,,23.5,37.25,38.5
1979-11-01,32.37,,23.5,40.75,42.0
1979-12-01,32.37,,23.5,39.75,40.5
1980-01-01,32.37,,28.09,39.0,40.0
1980-02-01,32.37,,28.09,37.25,38.5
1980-03-01,32.37,,28.09,37.0,38.25
1980-04-01,39.54,,28.09,36.57500076294,38.15000152588
1980-05-01,40.14,,28.09,37.04999923706,38.5
1980-06-01,40.74,,28.09,37.0,38.0
1980-07-01,40.74,,28.09,35.375,37.40000152588
1980-08-01,44.24,,28.09,32.94999885559,33.59999847412
1980-09-01,44.61,,28.09,32.82500076294,33.40000152588
1980-10-01,44.61,,28.09,37.35000038147,37.90000152588
1980-11-01,44.98,,28.09,40.29999923706,40.84999847412
1980-12-01,44.98,,28.09,39.75,40.15000152588
1981-01-01,44.98,,28.09,39.77499961853,40.29999923706
1981-02-01,44.98,,28.09,37.89999961853,38.70000076294
1981-03-01,44.98,,28.09,37.59999847412,38.34999847412
1981-04-01,56.5,,28.09,36.36999893188,37.18999862671
1981-05-01,56.5,,28.09,34.28499984741,35.18999862671
1981-06-01,56.5,,28.09,32.70999908447,33.25
1981-07-01,56.5,,28.09,33.51000022888,35.06000137329
1981-08-01,56.5,,28.09,33.984998703,35.79999923706
1981-09-01,56.5,,28.09,33.98500061035,35.90999984741
1981-10-01,56.5,,28.09,34.61000061035,36.54000091553
1981-11-01,56.5,,28.09,35.68000030518,37.11999893188
1981-12-01,56.5,,28.09,35.40999984741,36.70000076294
1982-01-01,55.61,,32.5,35.04999949137,35.84999847412
1982-02-01,55.61,,32.5,32.27333348592,31.62000083923
1982-03-01,55.61,,32.5,30.16666653951,29.29999923706
1982-04-01,55.61,,32.5,31.56666603088,33.11999893188
1982-05-01,55.61,,32.5,33.04333292643,35.18000030518
1982-06-01,55.61,,32.5,32.76666666667,34.59999847412
1982-07-01,55.61,,32.5,32.91666717529,33.70000076294
1982-08-01,55.61,,32.5,32.41666641235,32.84999847412
1982-09-01,55.61,,32.5,33.46666641235,34.25
1982-10-01,55.61,,32.5,33.78333384196,35.0
1982-11-01,55.61,,32.5,32.84999974569,33.79999923706
1982-12-01,45.5,,32.5,31.46666679382,31.75
1983-01-01,43.0,,29.0,30.65333302816,30.85000038147
1983-02-01,43.0,,29.0,29.1133333842,29.10000038147
1983-03-01,43.0,,29.0,28.32000033061,28.20000076294
1983-04-01,43.0,,29.0,29.6933333079,29.75
1983-05-01,43.0,,29.0,29.35999997457,29.60000038147
1983-06-01,43.0,,29.0,29.96666717529,30.20000076294
1983-07-01,34.75,,29.0,30.46666653951,30.79999923706
1983-08-01,34.75,,29.0,30.65333302816,31.10000038147
1983-09-01,34.75,,29.0,30.07000033061,30.35000038147
1983-10-01,34.75,,29.0,29.61666679382,29.85000038147
1983-11-01,32.0,,29.0,29.16666666667,29.20000076294
1983-12-01,29.25,,29.0,28.81333351135,28.95000076294
1984-01-01,29.25,29.34,26.15,29.04333305359,29.55999946594
1984-02-01,29.25,29.34,26.15,29.203332901,29.87999916077
1984-03-01,29.25,29.34,26.15,29.53333346049,30.07999992371
1984-04-01,29.25,29.34,26.15,29.57333246867,30.12999916077
1984-05-01,29.25,29.34,26.15,29.46000035604,29.89999961853
1984-06-01,31.75,34.31,26.15,29.05000050863,29.20000076294
1984-07-01,31.75,35.8,26.15,27.98666699727,27.90999984741
1984-08-01,31.75,35.8,26.15,28.17000007629,28.11000061035
1984-09-01,31.75,35.8,26.15,28.35333315531,28.36000061035
1984-10-01,31.75,35.8,26.15,27.85333315531,27.80999946594
1984-11-01,32.75,35.305,26.15,27.65000025431,27.70000076294
1984-12-01,33.75,34.935,26.15,26.81333351135,26.97999954224
1985-01-01,33.75,35.06,26.56,26.63333333333,26.95
1985-02-01,33.75,35.06,26.56,27.6,28.2
1985-03-01,33.75,35.06,26.56,27.85,28.1
1985-04-01,33.75,35.06,26.56,27.8,27.9
1985-05-01,33.75,35.06,26.56,26.65,26.65
1985-06-01,33.75,35.06,26.56,26.36666666667,26.45
1985-07-01,33.75,35.06,26.56,26.38333333333,26.6
1985-08-01,33.75,35.06,26.56,27.01666666667,27.15
1985-09-01,33.75,35.06,26.56,26.98333333333,27.15
1985-10-01,33.75,34.49,26.56,27.81666666667,27.9
1985-11-01,33.75,34.49,26.56,28.6,29.05
1985-12-01,33.75,34.49,26.56,26.5,25.85
1986-01-01,33.75,33.83,26.26,24.68333333333,25.75
1986-02-01,33.75,33.83,26.26,15.91666666667,17.55
1986-03-01,30.75,31.64,26.26,12.65,13.85
1986-04-01,30.75,31.64,26.26,11.9,12.5
1986-05-01,30.75,29.46,26.26,13.71666666667,14.2
1986-06-01,30.75,29.46,26.26,11.85,11.85
1986-07-01,30.75,29.46,26.26,9.61666666667,9.45
1986-08-01,30.75,29.46,26.26,13.7,13.65
1986-09-01,30.75,29.46,26.26,14.08333333333,14.2
1986-10-01,30.75,29.46,26.26,13.95,13.8
1986-11-01,30.75,29.46,26.26,14.45,14.55
1986-12-01,29.25,27.28,26.26,15.68333333333,15.9
1987-01-01,29.25,27.28,25.3,18.06666666667,18.4
1987-02-01,29.25,27.28,25.3,17.25,17.3
1987-03-01,29.25,27.28,25.3,17.75,17.9
1987-04-01,24.75,26.18,25.3,17.9,18.1
1987-05-01,24.75,26.18,25.3,18.4,18.75
1987-06-01,24.75,26.18,25.3,18.71666666667,18.85
1987-07-01,27.0,26.18,25.3,19.61666666667,19.8
1987-08-01,27.0,26.18,25.3,18.81666666667,18.95
1987-09-01,27.0,26.18,25.3,18.28333333333,18.35
1987-10-01,27.0,26.18,25.3,18.56666666667,18.8
1987-11-01,29.0,26.34,25.3,17.75,17.8
1987-12-01,31.0,26.5,25.3,16.63333333333,17.1
1988-01-01,31.0,26.5,24.3,16.46666666667,16.85
1988-02-01,31.0,26.0,24.3,15.85,15.75
1988-03-01,33.0,26.5,24.3,14.78333333333,14.75
1988-04-01,33.0,27.0,24.3,16.46666666667,16.6
1988-05-01,33.0,27.5,24.3,16.21666666667,16.4
1988-06-01,36.0,27.5,24.3,15.33333333333,15.55
1988-07-01,36.0,27.5,24.3,14.48333333333,14.9
1988-08-01,36.0,28.5,24.3,14.55,14.95
1988-09-01,37.0,29.25,24.3,13.1,13.3
1988-10-01,37.0,30.0,24.3,12.18333333333,12.45
1988-11-01,37.5,30.0,24.3,12.53333333333,13.0
1988-12-01,38.0,31.0,24.3,14.65,15.15
1989-01-01,38.0,31.0,27.83,16.48333333333,17.0
1989-02-01,38.0,31.0,27.83,16.35,16.65
1989-03-01,38.0,31.0,27.83,18.03333333333,18.7
1989-04-01,38.0,31.0,27.83,19.2,19.75
1989-05-01,38.0,31.0,27.83,18.01666666667,18.35
1989-06-01,38.0,31.0,27.83,17.63333333333,17.5
1989-07-01,38.0,31.0,27.83,17.66666666667,17.75
1989-08-01,38.0,31.0,27.83,16.88333333333,17.1
1989-09-01,38.0,31.0,27.83,17.66666666667,17.8
1989-10-01,38.0,31.0,27.83,18.41666666667,19.0
1989-11-01,38.0,31.0,27.83,18.36666666667,19.15
1989-12-01,38.0,31.0,27.83,19.35,19.85
1990-01-01,38.0,31.0,32.5,20.35,20.95
1990-02-01,38.0,31.0,32.5,19.6,19.9
1990-03-01,38.0,31.0,32.5,18.21666666667,18.45
1990-04-01,38.0,31.0,32.5,16.55,16.75
1990-05-01,40.5,32.5,32.5,16.58333333333,16.7
1990-06-01,40.5,34.0,32.5,15.26666666667,15.7
1990-07-01,40.5,34.0,32.5,17.16666666667,17.55
1990-08-01,40.5,34.0,32.5,26.4,27.05
1990-09-01,40.5,34.0,32.5,32.7,34.1
1990-10-01,40.5,34.0,32.5,34.5,36.05
1990-11-01,40.5,34.0,32.5,31.08333333333,33.0
1990-12-01,40.5,34.0,32.5,26.13333333333,28.0
1991-01-01,40.5,34.0,34.76,22.58333333333,23.65
1991-02-01,40.5,34.0,34.76,18.13333333333,19.4
1991-03-01,39.5,31.0,34.76,18.06666666667,19.45
1991-04-01,39.5,31.0,34.76,18.46666666667,19.25
1991-05-01,39.5,31.0,34.76,18.81666666667,19.3
1991-06-01,39.5,31.0,34.76,17.93333333333,18.2
1991-07-01,39.5,31.0,34.76,19.05,19.45
1991-08-01,39.5,31.0,34.76,19.36666666667,19.75
1991-09-01,39.5,31.0,34.76,20.05,20.5
1991-10-01,39.5,31.0,34.76,21.46666666667,22.2
1991-11-01,39.5,31.0,34.76,20.76666666667,21.25
1991-12-01,39.5,31.0,34.76,17.75,18.4
1992-01-01,39.5,31.0,33.1,17.38333333333,18.15
1992-02-01,39.5,31.0,33.1,17.61666666667,18.1
1992-03-01,39.5,31.0,33.1,17.45,17.6
1992-04-01,39.5,31.0,33.1,18.63333333333,18.95
1992-05-01,39.5,31.0,33.1,19.5,19.9
1992-06-01,39.5,29.0,33.1,20.83333333333,21.15
1992-07-01,39.5,27.0,33.1,20.16666666667,20.25
1992-08-01,39.5,27.0,33.1,19.61666666667,19.75
1992-09-01,39.5,27.0,33.1,20.15,20.25
1992-10-01,37.25,27.0,33.1,20.08333333333,20.3
1992-11-01,35.0,27.0,33.1,18.88333333333,19.2
1992-12-01,35.0,27.0,33.1,17.93333333333,18.15
1993-01-01,35.0,27.0,29.09,17.21666666667,17.4
1993-02-01,31.0,27.0,29.09,18.16666666667,18.45
1993-03-01,31.0,27.0,29.09,18.46666666667,18.75
1993-04-01,31.0,27.0,29.09,18.43333333333,18.65
1993-05-01,31.0,27.0,29.09,18.16666666667,18.5
1993-06-01,31.0,27.0,29.09,17.46666666667,17.65
1993-07-01,31.0,27.0,29.09,16.31666666667,16.8
1993-08-01,31.0,27.0,29.09,16.48333333333,16.7
1993-09-01,31.0,27.0,29.09,15.9,16.0
1993-10-01,31.0,27.0,29.09,16.51666666667,16.6
1993-11-01,31.0,27.0,29.09,15.2,15.15
1993-12-01,31.0,26.5,29.09,13.76666666667,13.6
1994-01-01,31.0,27.0,26.47,14.13333333333,14.25
1994-02-01,31.0,27.0,26.47,13.78333333333,13.8
1994-03-01,29.5,27.0,26.47,13.61666666667,13.95
1994-04-01,29.5,27.0,26.47,15.08333333333,15.15
1994-05-01,31.4,27.0,26.47,16.28333333333,16.2
1994-06-01,33.6,28.5,26.47,17.16666666667,16.75
1994-07-01,33.1,28.5,26.47,17.88333333333,17.6
1994-08-01,33.1,28.5,26.47,17.0,16.8
1994-09-01,33.1,29.0,26.47,16.2,15.9
1994-10-01,33.1,30.75,26.47,16.46666666667,16.4
1994-11-01,33.1,30.5,26.47,17.08333333333,17.2
1994-12-01,36.1,32.0,26.47,15.94,15.96
1995-01-01,37.1,34.0,28.38,16.9,16.63
1995-02-01,37.6,34.5,28.38,17.41666666667,17.08
1995-03-01,38.35,34.75,28.38,17.34666666667,17.01
1995-04-01,37.1,35.0,28.38,18.64666666667,18.67
1995-05-01,38.77,35.0,28.38,18.42333333333,18.38
1995-06-01,40.77,34.89,28.38,17.36333333333,17.35
1995-07-01,41.05,36.15,28.38,16.08333333333,15.86
1995-08-01,40.88,35.7,28.38,16.46666666667,16.07
1995-09-01,40.93,35.93,28.38,16.82,16.78
1995-10-01,40.97,35.75,28.38,16.12333333333,16.12
1995-11-01,39.59,36.07,28.38,16.74333333333,16.88
1995-12-01,39.35,35.01,28.38,17.86666666667,17.96
1996-01-01,39.37,34.75,30.0,17.8,17.94
1996-02-01,39.28,34.25,30.0,17.69666666667,17.97
1996-03-01,39.01,32.92,30.0,19.4,19.99
1996-04-01,39.33,33.67,30.0,20.66,21.01
1996-05-01,38.2,33.28,30.0,19.06333333333,19.12
1996-06-01,38.2,32.4,30.0,18.51333333333,18.27
1996-07-01,38.4,32.1,30.0,19.58666666667,19.61
1996-08-01,38.35,32.03,30.0,20.44,20.58
1996-09-01,38.1,33.38,30.0,22.25666666667,22.59
1996-10-01,37.6,34.25,30.0,23.61,24.18
1996-11-01,35.7,34.14,30.0,22.39,22.64
1996-12-01,35.35,35.04,30.0,23.62333333333,23.9
1997-01-01,35.23,34.57,30.15,23.22666666667,23.47
1997-02-01,34.6,33.8,30.15,20.42,20.83
1997-03-01,34.5,33.4,30.15,19.33,19.21
1997-04-01,35.4,32.99,30.15,17.88,17.47
1997-05-01,35.73,32.53,30.15,19.36743333333,19.1425
1997-06-01,34.5,32.28,30.15,17.92,17.55
1997-07-01,35.0,31.27,30.15,18.33,18.4
1997-08-01,36.93,31.03,30.15,18.7,18.71
1997-09-01,37.15,29.88,30.15,18.66174603175,18.45
1997-10-01,37.15,29.0,30.15,20.04,19.85
1997-11-01,33.6,27.69,30.15,19.08666666667,19.0
1997-12-01,31.4,27.75,30.15,17.09,17.0
1998-01-01,31.4,27.5,31.0,15.0,15.09
1998-02-01,33.44,26.76,31.0,14.1,14.06
1998-03-01,31.88,26.74,31.0,13.12333333333,13.08
1998-04-01,31.18,27.35,31.0,13.5,13.39
1998-05-01,30.28,27.63,31.0,14.02666666667,14.39
1998-06-01,30.0,27.33,31.0,12.479,12.058
1998-07-01,30.0,26.55,31.0,12.69966666667,12.01
1998-08-01,26.2,26.3,31.0,12.48796666667,11.8805
1998-09-01,27.09,26.43,31.0,13.80333333333,13.36
1998-10-01,27.1,26.08,31.0,13.26333333333,12.56
1998-11-01,26.1,26.7,31.0,11.88,10.92
1998-12-01,26.1,26.7,31.0,10.41,9.8
1999-01-01,26.1,26.5,27.59,11.44333333333,11.06
1999-02-01,26.1,26.38,27.59,10.75333333333,10.2
1999-03-01,26.1,25.05,27.59,13.16666666667,12.47
1999-04-01,26.1,25.05,27.59,15.86666666667,15.3
1999-05-01,26.1,25.05,27.59,16.06333333333,15.14
1999-06-01,26.1,25.25,27.59,16.39333333333,15.77
1999-07-01,26.1,23.78,27.59,18.98666666667,19.01
1999-08-01,26.1,23.14,27.59,20.27,20.22
1999-09-01,26.1,22.5,27.59,22.7,22.4
1999-10-01,25.6,22.5,27.59,21.95,21.95
1999-11-01,25.1,23.5,27.59,24.16333333333,24.59
1999-12-01,25.1,22.58,27.59,25.1,25.59
2000-01-01,25.1,22.78,28.79,25.31,25.38
2000-02-01,25.1,23.62,28.79,27.22096666667,27.7048
2000-03-01,25.1,24.4,28.79,27.49,27.47
2000-04-01,25.1,24.94,28.79,23.47,22.54
2000-05-01,25.6,26.05,28.79,27.18666666667,27.34
2000-06-01,25.6,27.0,28.79,29.62076666667,29.6773
2000-07-01,25.6,27.0,28.79,28.17666666667,28.53
2000-08-01,25.6,27.0,28.79,29.2629,29.43
2000-09-01,27.15,27.0,28.79,32.08283333333,32.621
2000-10-01,27.15,28.18,28.79,31.40016666667,30.9323
2000-11-01,27.15,26.17,28.79,32.331,32.52409090909
2000-12-01,30.75,34.7,28.79,25.20466666667,25.1255
2001-01-01,32.1,34.95,30.03,25.95727272727,25.63636363636
2001-02-01,32.1,34.35,30.03,27.23883333333,27.406
2001-03-01,32.6,35.5,30.03,25.02257575758,24.39545454545
2001-04-01,33.5,35.53,30.03,25.718,25.641
2001-05-01,33.8,34.75,30.03,27.54682539683,28.45047619048
2001-06-01,33.9,34.75,30.03,26.96603174603,27.72428571429
2001-07-01,34.0,34.35,30.03,24.80367965368,24.53818181818
2001-08-01,33.8,34.15,30.03,25.82115942029,25.69782608696
2001-09-01,32.8,33.06,30.03,25.20766666667,25.544
2001-10-01,32.4,33.03,30.03,20.73188405797,20.47826086957
2001-11-01,29.4,31.5,30.03,18.68818181818,18.94227272727
2001-12-01,27.35,30.45,30.03,18.51978947368,18.60473684211
2002-01-01,27.35,29.7,29.31,19.15481240981,19.485
2002-02-01,28.1,28.95,29.31,19.97523684211,20.2915
2002-03-01,27.8,28.35,29.31,23.64066666667,23.6905
2002-04-01,27.0875,26.83,29.31,25.43424242424,25.65409090909
2002-05-01,26.875,25.75,29.31,25.67234519104,25.38727272727
2002-06-01,24.9,24.38,29.31,24.48805750487,24.12789473684
2002-07-01,23.15,22.73,29.31,25.75474810214,25.76782608696
2002-08-01,22.25,21.25,29.31,26.7758008658,26.63285714286
2002-09-01,22.7,23.08,29.31,28.28079365079,28.34238095238
2002-10-01,24.5,27.35,29.31,27.5268115942,27.54869565217
2002-11-01,24.5,26.98,29.31,24.54248120301,24.18476190476
2002-12-01,24.5,26.94,29.31,27.88698412698,28.52095238095
2003-01-01,24.9,27.4625,31.95,30.75031746032,31.24666666667
2003-02-01,25.15,27.0,31.95,32.88337719298,32.6485
2003-03-01,24.4,25.75,31.95,30.35920634921,30.33904761905
2003-04-01,23.45,23.825,31.95,25.55596825397,25.016
2003-05-01,23.3,23.65,31.95,26.06491269841,25.8095
2003-06-01,24.1,26.75,31.95,27.91714285714,27.54571428571
2003-07-01,24.35,29.5,31.95,28.59158761528,28.39826086957
2003-08-01,25.325,30.1875,31.95,29.67555555556,29.82571428571
2003-09-01,26.7,34.1375,31.95,26.88233044733,27.09818181818
2003-10-01,27.5,36.6875,31.95,29.01449275362,29.59043478261
2003-11-01,29.9125,39.1875,31.95,29.12274074074,28.772
2003-12-01,34.0,38.6875,31.95,29.96920634921,29.92666666667
2004-01-01,37.75,41.25,37.9,31.36771929825,31.17523809524
2004-02-01,41.75,42.25,37.9,31.33133333333,30.866
2004-03-01,48.9375,42.5,37.9,33.66507246377,33.79913043478
2004-04-01,53.25,47.25,37.9,33.71139249639,33.36227272727
2004-05-01,56.4375,52.5625,37.9,37.55789891395,37.91631578947
2004-06-01,59.55,62.55,37.9,35.54274170274,35.19136363636
2004-07-01,61.375,68.5,37.9,37.891998557,38.37045454545
2004-08-01,59.25,63.625,37.9,42.08406926407,43.03
2004-09-01,55.375,61.0,37.9,41.59682539683,43.38136363636
2004-10-01,56.625,59.6875,37.9,46.88111111111,49.8180952381
2004-11-01,52.825,60.75,37.9,42.12554545455,43.05363636364
2004-12-01,52.25,54.2875,37.9,39.04494444444,39.64428571429
2005-01-01,53.045,51.4175,65.0,42.97227777778,44.28333333333
2005-02-01,49.8975,46.625,65.0,44.81821052632,45.557
2005-03-01,50.925,45.3,65.0,50.94287878788,53.08409090909
2005-04-01,51.25,46.25,65.0,50.64047619048,51.85714285714
2005-05-01,51.3125,45.875,65.0,47.82657287157,48.66590909091
2005-06-01,51.0,49.125,65.0,53.8903030303,54.30681818182
2005-07-01,50.9,51.3125,65.0,56.36580952381,57.57904761905
2005-08-01,49.125,49.5,65.0,61.89052042161,64.09
2005-09-01,45.25,46.625,65.0,61.6876984127,62.98181818182
2005-10-01,42.45833333333,43.25,65.0,58.18507936508,58.5219047619
2005-11-01,38.0625,38.08333333333,65.0,55.04282539683,55.535
2005-12-01,38.225,41.0,65.0,56.42964285714,56.7475
2006-01-01,43.1875,44.6625,67.2,62.45703968254,63.57428571429
2006-02-01,47.7,49.4,65.2,59.70492105263,59.923
2006-03-01,49.75,54.5,66.7,60.92927536232,62.25304347826
2006-04-01,52.875,54.875,67.3,67.97057504873,70.44210526316
2006-05-01,52.6,50.4,67.3,68.6759486166,70.18727272727
2006-06-01,52.375,52.375,69.3,68.29015151515,68.85772727273
2006-07-01,52.75,51.68,70.5,72.4501336675,73.89714285714
2006-08-01,50.9375,53.5875,69.8,71.81188405797,73.61217391304
2006-09-01,47.1,48.75,70.0,62.12125396825,62.7719047619
2006-10-01,44.05,49.2125,71.7,57.91046897547,58.38
2006-11-01,46.0,48.2,73.5,58.14304545455,58.48318181818
2006-12-01,49.75,50.6875,73.5,60.9944122807,62.31473684211
2007-01-01,51.2875,50.1375,78.2,53.51696969697,54.29909090909
2007-02-01,52.9,51.6375,82.66,57.5625,57.757
2007-03-01,55.38,53.475,88.55,60.59984848485,62.14363636364
2007-04-01,56.12,51.36,91.26,65.05764035088,67.39842105263
2007-05-01,56.0,50.25,102.02,65.15725955204,67.47608695652
2007-06-01,61.6,56.78,103.21,68.1880952381,71.31619047619
2007-07-01,67.31,58.06,106.09,73.6016955267,77.20409090909
2007-08-01,69.35,60.18,121.89,70.1268115942,70.79652173913
2007-09-01,68.44,62.81,148.65,76.76243859649,77.127
2007-10-01,74.81,73.12,168.11,81.96724637681,82.85782608696
2007-11-01,84.6,89.75,195.09,91.33826118326,92.52818181818
2007-12-01,91.0,94.25,190.12,89.51994152047,91.45
2008-01-01,91.75,100.62,193.37,90.68993506494,91.92045454545
2008-02-01,132.0,115.0,186.12,93.38759064327,94.81666666667
2008-03-01,118.25,111.0,197.12,101.84283333333,103.2775
2008-04-01,123.0,108.75,195.95,108.75818181818,110.18772727273
2008-05-01,133.2,120.7,192.95,122.63260894661,123.93619047619
2008-06-01,159.75,142.38,183.93,131.52111111111,133.04857142857
2008-07-01,180.0,167.75,180.5,132.82518445323,133.87304347826
2008-08-01,158.4,156.9,178.74,114.56682539683,113.84904761905
2008-09-01,150.0,147.75,139.64,99.65676767677,99.06409090909
2008-10-01,108.0,109.7,88.67,72.69275362319,72.84260869565
2008-11-01,92.25,89.38,64.95,53.97272807018,53.241
2008-12-01,78.65,77.25,69.98,41.33892496393,41.58090909091
2009-01-01,79.4,76.4,72.51,43.85521428571,44.86
2009-02-01,75.38,69.06,75.59,41.8436754386,43.2425
2009-03-01,61.0,58.56,64.07,46.6453030303,46.83909090909
2009-04-01,63.56,62.88,59.78,50.2780952381,50.84523809524
2009-05-01,64.5,58.03,62.69,58.15388888889,57.94095238095
2009-06-01,71.38,60.2,71.66,69.1496969697,68.61681818182
2009-07-01,73.8,61.1,83.95,64.66667325428,64.91
2009-08-01,72.5,64.25,97.67,71.62968253968,72.50476190476
2009-09-01,67.64,61.13,80.71,68.34611111111,67.68681818182
2009-10-01,71.07,64.35,86.79,74.08060606061,73.19409090909
2009-11-01,78.8,66.44,99.26,77.5523015873,77.03666666667
2009-12-01,83.1,73.8,105.07,74.88181818182,74.66954545455
2010-01-01,97.0,86.94,125.72,77.1210877193,76.373
2010-02-01,94.19,83.36,127.49,74.76301559454,74.312
2010-03-01,94.375,82.9625,139.69,79.29768115942,79.2747826087
2010-04-01,100.15,88.7,172.47,84.18285714286,84.97857142857
2010-05-01,100.13,90.9375,161.35,75.61831746032,76.25095238095
2010-06-01,98.1875,92.8125,143.63,74.725,74.83818181818
2010-07-01,95.98,90.61,126.36,74.5794011544,74.73545454545
2010-08-01,89.78,87.9,145.34,75.82626984127,76.69318181818
2010-09-01,94.9,85.82,140.62727272727,76.11624098124,77.78681818182
2010-10-01,97.45,90.99,148.48095238095,81.71936507937,82.9180952381
2010-11-01,107.16,103.2,156.1,84.53406349206,85.67
2010-12-01,118.29,115.24,163.1,90.00596179183,91.79652173913
2011-01-01,132.48,122.62,179.18,92.6905952381,96.29428571429
2011-02-01,128.36,117.74,187.18,97.9141920078,103.9555
2011-03-01,126.13,121.0,169.36,108.6452173913,114.44130434783
2011-04-01,122.5,124.03,179.33,116.24316666667,123.07
2011-05-01,119.12,120.46,177.05,108.06851298701,114.45818181818
2011-06-01,120.09,119.01,170.88,105.84545454546,113.75772727273
2011-07-01,120.75,116.27,172.98,107.91661111111,116.46
2011-08-01,120.13,118.27,177.5,100.48642512077,110.08130434783
2011-09-01,123.09,115.62,177.23,100.81935064935,110.87909090909
2011-10-01,119.39,110.88,150.43,99.84775396825,109.46857142857
2011-11-01,113.78,105.47,135.54,105.40501443001,110.50409090909
2011-12-01,111.56,104.19,136.39,104.23047619048,107.90904761905
2012-01-01,116.46,106.26,140.26,107.07457226399,111.15619047619
2012-02-01,117.02,105.3,140.4,112.68752380952,119.70238095238
2012-03-01,107.46,103.43,144.66,117.785,124.92863636364
2012-04-01,103.59,101.33,147.64,113.6655,120.4635
2012-05-01,95.83,93.77,136.61,104.0860342556,110.52173913044
2012-06-01,87.19,85.31,134.66,90.72825396825,95.58904761905
2012-07-01,88.24,87.33,127.94,96.75411255411,103.14090909091
2012-08-01,91.0,89.11,107.5,105.27363699103,113.34
2012-09-01,88.96,85.82,99.47,106.28496491228,113.3825
2012-10-01,81.85,82.8,113.95,103.40786561265,111.97347826087
2012-11-01,85.89,85.74,120.35,101.17441558442,109.71181818182001
2012-12-01,92.88,88.84,128.51111111111,101.19366666667,109.6765
2013-01-01,92.77,86.13,150.49090909091,105.10021645022,112.97363636364
2013-02-01,94.94,85.13,154.63888888889,107.63743567252,116.5195
2013-03-01,90.98,82.77,139.87,102.5225,109.24
2013-04-01,87.76,82.02,137.39090909091,98.85196969697,102.87545454546
2013-05-01,87.71,81.79,124.00952380952,99.36663341489,103.02695652174
2013-06-01,82.75431946201,77.28942633542,114.815,99.74266666667,103.11
2013-07-01,77.25921082883,72.64328692981,127.19130434783,105.25790513834,107.71608695652
2013-08-01,76.96,72.912,137.055,108.15763636364,110.96454545455
2013-09-01,77.6125,73.0975,134.18571428571,108.75773015873,111.62142857143
2013-10-01,79.4125,80.6475,132.57272727273,105.42713438735,109.47869565217
2013-11-01,82.25,83.818,136.32380952381,102.62649122807,108.07619047619
2013-12-01,84.3375,84.615,135.79047619048,105.48165079365,110.674
2014-01-01,81.61,82.9,128.119,102.09666666667,107.42
2014-02-01,76.29,77.6,121.37,104.82666666667,108.81
2014-03-01,73.34,74.6,111.833,104.04,107.4
2014-04-01,72.82,75.06,114.581,104.86666666667,107.79
2014-05-01,73.69,75.78,100.56,105.71333333333,109.68
2014-06-01,71.48,74.09,92.743,108.37333333333,111.87
2014-07-01,68.75,71.44,96.05,105.22666666667,106.98
2014-08-01,68.94,71.19,92.614,100.05,101.92
2014-09-01,65.94,67.86,82.37954545455,95.85,97.34
2014-10-01,63.71,65.74,81.06,86.08,87.27
2014-11-01,62.55,65.66,73.73,76.99333333333,78.44
2014-12-01,62.44,66.14,68.39,60.70333333333,62.33
2015-01-01,61.44,59.29,68.23,47.10666666667,48.07
2015-02-01,69.05,63.48,62.75,54.79,57.93
2015-03-01,64.76,59.92,58.05,52.82666666667,55.79
2015-04-01,56.24,58.95,52.28,57.54333333333,59.39
2015-05-01,61.19,61.63,60.3,62.50666666667,64.56
2015-06-01,58.96,60.71,62.63,61.30666666667,62.34
2015-07-01,59.9,57.9,52.39,54.34,55.87
2015-08-01,59.14,55.02,56.19,45.69,46.99
2015-09-01,57.65,51.38,56.95,46.28,47.24
2015-10-01,54.26,50.11,53.12,46.95666666667,48.12
2015-11-01,52.47,53.34,46.86,43.11333333333,44.42
2015-12-01,52.21,48.77,40.5,36.57333333333,37.72
2016-01-01,49.02,49.09,41.88,29.78,30.8
2016-02-01,50.27,50.33,46.83,31.03,33.2
2016-03-01,52.21,52.57,56.2,37.34,39.07
2016-04-01,50.69,52.35,60.92,40.75,42.25
2016-05-01,51.31,54.24,55.13,45.93666666667,47.13
2016-06-01,52.85,58.59,51.98,47.68666666667,48.48
2016-07-01,61.24,62.39,57.26,44.12666666667,45.07
2016-08-01,67.39,66.34,60.89,44.87666666667,46.14
2016-09-01,72.72,68.33,57.79,45.04333333333,46.19
2016-10-01,94.2,83.79,59.09,49.29333333333,49.73
2016-11-01,103.43,89.15,73.1,45.26,46.44
2016-12-01,88.15,80.19,80.02,52.62,54.07
2017-01-01,83.73,86.49,80.41,53.59,54.89
2017-02-01,79.98,83.6,89.44,54.35333333333,55.49
2017-03-01,80.9,79.11,87.65,50.90333333333,51.97
2017-04-01,83.65,78.89,70.22,52.16333333333,52.98
2017-05-01,74.42,74.41,62.43,49.89333333333,50.87
2017-06-01,81.09,79.2,57.48,46.16666666667,46.89
2017-07-01,87.49,81.69,67.74,47.65666666667,48.69
2017-08-01,98.58,87.84,76.07,49.94333333333,51.37
2017-09-01,97.82,92.26,71.53,52.95,55.16
2017-10-01,97.11,91.43,61.66,54.92,57.62
2017-11-01,96.64,91.39,64.24,59.93333333333,62.57
2017-12-01,100.81,95.48,72.25,61.18666666667,64.21
2018-01-01,106.45,97.48,76.34,66.22666666667,68.99
2018-02-01,105.95,92.68,77.46,63.46,65.42
2018-03-01,96.66,89.5,70.35,64.16666666667,66.45
2018-04-01,93.69,92.32,65.75,68.79333333333,71.63
2018-05-01,105.29,101.89,66.1,73.43,76.65
2018-06-01,114.33,103.88,65.04,71.97666666667,75.19
2018-07-01,119.57,106.02,64.56,72.66666666667,74.44
2018-08-01,117.34,98.48,67.15,71.08333333333,73.13
2018-09-01,114.16,102.14,68.44,75.36333333333,78.86
2018-10-01,108.73,100.34,73.41,76.72666666667,80.47
2018-11-01,100.73,91.58,73.26,62.31666666667,65.17
2018-12-01,101.37,95.41,69.16,53.96,56.46
2019-01-01,98.56,91.29,76.16,56.58333333333,59.27
2019-02-01,95.42,84.16,88.22,61.13333333333,64.13
2019-03-01,93.12,78.81,86.47,63.78666666667,66.41
2019-04-01,86.77,72.49,93.7,68.57666666667,71.2
2019-05-01,82.32,68.93,100.15,66.83333333333,70.53
2019-06-01,72.49,62.94,108.94,59.76,63.3
2019-07-01,72.08,65.79,120.24,61.47666666667,64.0
2019-08-01,65.55,60.43,93.07,57.67,59.25
2019-09-01,65.95,61.37,93.08,60.04,62.33
2019-10-01,69.2,67.44,88.53,57.27333333333,59.37
2019-11-01,66.99,73.62,84.98,60.40333333333,62.74
2019-12-01,66.18,76.03,92.65,63.35333333333,65.85
2020-01-01,69.66,82.09,95.76,61.62666666667,63.6
2020-02-01,67.64,79.99,87.68,53.34666666667,55.0
2020-03-01,66.74,67.89,88.99,32.20333333333,32.98
2020-04-01,58.55,56.58,84.73,21.04333333333,23.34
2020-05-01,52.49,57.42,93.65,30.38,31.02
2020-06-01,52.21,56.81,103.3,39.45666666667,39.93
2020-07-01,51.56,56.6,108.52,42.06666666667,42.81
2020-08-01,50.14,57.38,121.07,43.44333333333,44.26
2020-09-01,54.6,57.47,123.75,40.59666666667,41.09
2020-10-01,58.4,61.04,119.78,39.9,40.47
2020-11-01,64.4,69.43,124.36,42.30333333333,43.23
2020-12-01,83.03,85.18,155.43,48.72666666667,49.87
2021-01-01,86.83,86.85,169.63,53.60333333333,54.55
2021-02-01,86.74,82.76,163.8,60.46333333333,61.96
2021-03-01,94.92,90.66,168.18,63.83,65.19
2021-04-01,92.22,89.13,179.83,62.95,64.77
2021-05-01,107.04,99.31,207.72,66.4,68.04
2021-06-01,129.97,112.92,214.43,71.80333333333,73.07
2021-07-01,151.97,122.33,214.14,73.28333333333,74.39
2021-08-01,169.58,137.92,162.16,68.86666666667,70.02
2021-09-01,185.69,146.05275137829,124.52,72.8,74.6
2021-10-01,224.51,199.65,122.91,82.06333333333,83.65
2021-11-01,157.48,128.0,96.24,79.91666666667,80.77
2021-12-01,169.65,142.5,116.96,72.86666666667,74.31
2022-01-01,196.95,168.5,132.53,83.92,85.53
2022-02-01,219.78,196.4,142.84,93.54333333333,95.76
2022-03-01,314.04,294.42,152.07,112.39666666667,115.59
2022-04-01,310.85,302.0,151.25,103.41333333333,105.78
2022-05-01,371.86,280.0,131.21,110.09666666667,112.37
2022-06-01,374.08,291.3568,130.74,116.8,120.08
2022-07-01,402.2,269.08655771317,108.57,105.08333333333,108.92
2022-08-01,406.97,274.61946388546,108.85,95.97333333333,98.6
2022-09-01,430.81,234.98445322437,99.81,88.22,90.16
2022-10-01,389.79,191.21987979184,92.56,90.32666666667,93.13
2022-11-01,342.16,169.09656696557,93.34,87.37666666667,91.07
2022-12-01,379.23,215.0,111.84,78.06666666667,80.9
2023-01-01,317.99,172.0,122.23,80.41,83.09
2023-02-01,207.48,144.67,127.6,80.25333333333,82.71
2023-03-01,187.23,136.84,128.37,76.47333333333,78.53
2023-04-01,194.28,133.7451,117.39,82.46,84.11
2023-05-01,160.48,103.0,105.15,74.12333333333,75.7
2023-06-01,139.42,98.58,113.45,73.26333333333,74.89
2023-07-01,140.63,96.75,114.43,78.98333333333,80.1
2023-08-01,152.61,97.6046,110.2,84.72433333333,86.163
2023-09-01,162.47,99.85,120.98,92.22,94.0
2023-10-01,142.12,128.4,118.97,89.08366666667,91.061
2023-11-01,126.82,109.0,131.07,81.35433333333,83.183
2023-12-01,141.82,108.8294,137.05,75.71933333333,77.858
2024-01-01,124.9,106.75,135.82,77.67233333333,80.227
2024-02-01,124.22,105.193,124.39,80.548,83.764
2024-03-01,131.49,104.84,109.79,83.54566666667,85.447
2024-04-01,134.97,104.89,112.75,88.01133333333,90.054
2024-05-01,142.01,105.63,118.88,81.445,81.995
2024-06-01,135.1,105.3,107.45,81.205,82.555
2024-07-01,137.55,105.31,106.85,83.25866666667,85.296
2024-08-01,145.76,106.21,99.91,78.121,80.863
2024-09-01,139.2,106.07,92.83,72.42433333333,74.293
2024-10-01,146.63,106.81,101.39,73.97066666667,75.662
2024-11-01,142.12,106.82,100.5,72.29166666667,74.395
2024-12-01,129.81,105.47,102.21,72.311,73.833
2025-01-01,118.6,103.28,99.58,78.162,79.206
2025-02-01,106.93,100.41,105.08,73.819,75.157
2025-03-01,103.97,97.99,100.1,70.70133333333,72.574
2025-04-01,98.61,95.56,97.24,65.905,67.745
2025-05-01,104.41,94.33,96.97,62.74866666667,64.206
2025-06-01,109.03,93.78,92.33,69.14666666667,71.45
2025-07-01,112.9,93.6355,97.26,69.19033333333,70.951
2025-08-01,112.15,93.29,99.74,66.71766666667,68.203
2025-09-01,106.32,92.27,103.28,66.457,67.951
2025-10-01,107.5,91.58,103.53,63.04033333333,64.651
2025-11-01,112.6,91.55,102.48,62.33633333333,63.609
2025-12-01,107.67,90.88,104.59,60.88,62.72
