corridor_id,load_port,unload_port,vessel_class,month,rate_usd_mt,rate_mean_usd_mt,rate_min_usd_mt,rate_max_usd_mt,cargo_intake_mt,n_weeks,last_observation,log_rate,ret_1m,ret_2m,ret_3m,roll_mean_3m,roll_std_6m,roll_cv_6m,dev_from_mean_3m,log_spread_vs_class,coal_aus_level,coal_aus_ret_1m,coal_aus_ret_3m,coal_saf_level,coal_saf_ret_1m,coal_saf_ret_3m,iron_ore_level,iron_ore_ret_1m,iron_ore_ret_3m,crude_oil_level,crude_oil_ret_1m,crude_oil_ret_3m,wind_max_kt,wind_mean_kt,precip_mm,gale_days,cyclone_days
Nikolaev->Paradip,Nikolaev,Paradip,Panamax,2025-10-01,47.5,47.56,47.28,47.78,41000.0,5,2025-10-31,3.8607297110405954,,,,,,,,0.5158146607964449,106.32,-0.053383846561227556,-0.025169659313300546,92.27,-0.010993859382405359,-0.016232552070975858,103.28,0.0348769464204106,0.11207463075385048,66.457,-0.0039146634428078786,-0.039674730588531534,19.22,9.202903225806452,254.0,0.0,0.0
Nikolaev->Paradip,Nikolaev,Paradip,Panamax,2025-11-01,47.18,47.455,47.18,47.59,41000.0,4,2025-11-28,3.853970073979529,-0.006759637061066548,,,,,,,0.5199269628340173,107.5,0.01103743316272771,-0.04901162358789887,91.58,-0.007506154361515097,-0.022196677852855704,103.53,0.002417679239634746,0.062473620802382016,63.04033333333,-0.05278038879017052,-0.0930864279672979,9.72,7.446333333333333,6.5,0.0,0.0
Nikolaev->Paradip,Nikolaev,Paradip,Panamax,2025-12-01,43.07,45.2875,43.07,47.3,41000.0,4,2025-12-26,3.7628266990660193,-0.09114337491350971,-0.09790301197457629,,45.916666666666664,,,-0.06400146029889493,0.5249152672263127,112.6,0.04635086813787257,0.004004454739372557,91.55,-0.0003276361084297011,-0.018827649852350033,102.48,-0.010193768189542944,0.027100857470502344,62.33633333333,-0.011230277813107344,-0.06792533004608578,10.21,6.944838709677419,0.0,0.0,0.0
Nikolaev->Paradip,Nikolaev,Paradip,Panamax,2026-01-01,43.24,42.376,41.9,43.24,41000.0,5,2026-01-30,3.7667659927710075,0.003939293704988449,-0.08720408120852144,-0.0939637182695879,44.49666666666667,2.4207350811960704,0.05440261625281452,-0.028648287228523854,0.50922097000482,,,,,,,,,,,,,9.34,6.809354838709678,1.5,0.0,0.0
Nikolaev->Paradip,Nikolaev,Paradip,Panamax,2026-02-01,45.32,44.6725,43.43,45.34,41000.0,4,2026-02-27,3.8137484361598055,0.046982443388798,0.05092173709378645,-0.04022163781972343,43.876666666666665,2.096668786432423,0.0477855075537284,0.032365768390598904,0.5246432402855254,,,,,,,,,,,,,9.34,7.588214285714286,7.0,0.0,0.0
Nikolaev->Paradip,Nikolaev,Paradip,Panamax,2026-03-01,58.54,55.989999999999995,51.76,58.54,41000.0,4,2026-03-27,4.06971028126374,0.25596184510393427,0.30294428849273214,0.3068835821977206,49.03333333333333,5.735941945312906,0.11698046115525981,0.17720994232445766,0.4347516643099514,,,,,,,,,,,,,14.69,10.23225806451613,30.5,0.0,0.0
Nikolaev->Paradip,Nikolaev,Paradip,Supramax,2025-10-01,56.02,56.06,55.79,56.26,33000.0,5,2025-10-31,4.0257087698319625,,,,,,,,0.7728806452476809,106.32,-0.053383846561227556,-0.025169659313300546,92.27,-0.010993859382405359,-0.016232552070975858,103.28,0.0348769464204106,0.11207463075385048,66.457,-0.0039146634428078786,-0.039674730588531534,19.22,9.202903225806452,254.0,0.0,0.0
Nikolaev->Paradip,Nikolaev,Paradip,Supramax,2025-11-01,55.68,55.975,55.68,56.12,33000.0,4,2025-11-28,4.019621016026164,-0.00608775380579833,,,,,,,0.778603830632072,107.5,0.01103743316272771,-0.04901162358789887,91.58,-0.007506154361515097,-0.022196677852855704,103.53,0.002417679239634746,0.062473620802382016,63.04033333333,-0.05278038879017052,-0.0930864279672979,9.72,7.446333333333333,6.5,0.0,0.0
Nikolaev->Paradip,Nikolaev,Paradip,Supramax,2025-12-01,51.6,53.8125,51.6,55.81,33000.0,4,2025-12-26,3.9435216724875173,-0.07609934353864717,-0.08218709734444546,,54.43333333333334,,,-0.05345503882079274,0.786054954414587,112.6,0.04635086813787257,0.004004454739372557,91.55,-0.0003276361084297011,-0.018827649852350033,102.48,-0.010193768189542944,0.027100857470502344,62.33633333333,-0.011230277813107344,-0.06792533004608578,10.21,6.944838709677419,0.0,0.0,0.0
Nikolaev->Paradip,Nikolaev,Paradip,Supramax,2026-01-01,52.33,51.052,50.47,52.33,33000.0,5,2026-01-30,3.9575698203841165,0.014048147896599377,-0.062051195642047745,-0.06813894944784607,53.203333333333326,2.2669711805255357,0.042609570462857016,-0.01655123064224074,0.7655774080456683,,,,,,,,,,,,,9.34,6.809354838709678,1.5,0.0,0.0
Nikolaev->Paradip,Nikolaev,Paradip,Supramax,2026-02-01,54.54,53.8525,52.54,54.56,33000.0,4,2026-02-27,3.9989343774174424,0.04136455703332612,0.05541270492992539,-0.020686638608721733,52.82333333333333,1.983527161397092,0.03755020814154904,0.03198136513083523,0.7809431373644347,,,,,,,,,,,,,9.34,7.588214285714286,7.0,0.0,0.0
Nikolaev->Paradip,Nikolaev,Paradip,Supramax,2026-03-01,67.33,64.7325,60.35,67.33,33000.0,4,2026-03-27,4.20960590255719,0.21067152513974707,0.252036082173073,0.26608423006967236,58.06666666666666,5.7106426958793355,0.0983463150840299,0.14801412680689674,0.5577659126147956,,,,,,,,,,,,,14.69,10.23225806451613,30.5,0.0,0.0
Nikolaev->Paradip/Haldia,Nikolaev,Paradip/Haldia,Panamax,2025-10-01,49.84,49.9,49.61,50.13,41000.0,5,2025-10-31,3.908817874479198,,,,,,,,0.5639028242350475,106.32,-0.053383846561227556,-0.025169659313300546,92.27,-0.010993859382405359,-0.016232552070975858,103.28,0.0348769464204106,0.11207463075385048,66.457,-0.0039146634428078786,-0.039674730588531534,,,,,
Nikolaev->Paradip/Haldia,Nikolaev,Paradip/Haldia,Panamax,2025-11-01,49.5,49.785,49.5,49.92,41000.0,4,2025-11-28,3.901972669574645,-0.006845204904553175,,,,,,,0.5679295584291331,107.5,0.01103743316272771,-0.04901162358789887,91.58,-0.007506154361515097,-0.022196677852855704,103.53,0.002417679239634746,0.062473620802382016,63.04033333333,-0.05278038879017052,-0.0930864279672979,,,,,
Nikolaev->Paradip/Haldia,Nikolaev,Paradip/Haldia,Panamax,2025-12-01,45.24,47.54,45.24,49.63,41000.0,4,2025-12-26,3.81198165124792,-0.08999101832672492,-0.09683622323127804,,48.193333333333335,,,-0.06323904765612169,0.5740702194082132,112.6,0.04635086813787257,0.004004454739372557,91.55,-0.0003276361084297011,-0.018827649852350033,102.48,-0.010193768189542944,0.027100857470502344,62.33633333333,-0.011230277813107344,-0.06792533004608578,,,,,
Nikolaev->Paradip/Haldia,Nikolaev,Paradip/Haldia,Panamax,2026-01-01,45.41,44.512,44.02,45.41,41000.0,5,2026-01-30,3.8157323451098595,0.0037506938619398726,-0.08624032446478495,-0.09308552936933806,46.71666666666667,2.5133825149918336,0.053800553299860866,-0.028368643832828003,0.558187322343672,,,,,,,,,,,,,,,,,
Nikolaev->Paradip/Haldia,Nikolaev,Paradip/Haldia,Panamax,2026-02-01,47.55,46.879999999999995,45.61,47.56,41000.0,4,2026-02-27,3.8617817889913995,0.046049443881539545,0.04980013774347945,-0.04019088058324534,46.06666666666666,2.176779731621922,0.047252816171242884,0.03169216632593947,0.5726765931171194,,,,,,,,,,,,,,,,,
Nikolaev->Paradip/Haldia,Nikolaev,Paradip/Haldia,Panamax,2026-03-01,61.25,58.6125,54.25,61.25,41000.0,4,2026-03-27,4.114963849424837,0.25318206043343705,0.29923150431497664,0.30298219817691663,51.40333333333333,5.938388389678353,0.11552535613147696,0.17526082822338113,0.480005232471048,,,,,,,,,,,,,,,,,
Nikolaev->Paradip/Haldia,Nikolaev,Paradip/Haldia,Supramax,2025-10-01,58.06,58.102,57.82,58.31,33000.0,5,2025-10-31,4.061476958596484,,,,,,,,0.8086488340122022,106.32,-0.053383846561227556,-0.025169659313300546,92.27,-0.010993859382405359,-0.016232552070975858,103.28,0.0348769464204106,0.11207463075385048,66.457,-0.0039146634428078786,-0.039674730588531534,,,,,
Nikolaev->Paradip/Haldia,Nikolaev,Paradip/Haldia,Supramax,2025-11-01,57.71,58.0125,57.71,58.16,33000.0,4,2025-11-28,4.055430468722875,-0.00604648987360878,,,,,,,0.8144132833287827,107.5,0.01103743316272771,-0.04901162358789887,91.58,-0.007506154361515097,-0.022196677852855704,103.53,0.002417679239634746,0.062473620802382016,63.04033333333,-0.05278038879017052,-0.0930864279672979,,,,,
Nikolaev->Paradip/Haldia,Nikolaev,Paradip/Haldia,Supramax,2025-12-01,53.5,55.78,53.5,57.84,33000.0,4,2025-12-26,3.979681653901961,-0.07574881482091417,-0.08179530469452302,,56.42333333333334,,,-0.053201130630935435,0.8222149358290305,112.6,0.04635086813787257,0.004004454739372557,91.55,-0.0003276361084297011,-0.018827649852350033,102.48,-0.010193768189542944,0.027100857470502344,62.33633333333,-0.011230277813107344,-0.06792533004608578,,,,,
Nikolaev->Paradip/Haldia,Nikolaev,Paradip/Haldia,Supramax,2026-01-01,54.25,52.926,52.32,54.25,33000.0,5,2026-01-30,3.993602992420569,0.013921338518608014,-0.06182747630230618,-0.06787396617591497,55.153333333333336,2.3397008355770654,0.04242174849952373,-0.01651419267335828,0.8016105800821207,,,,,,,,,,,,,,,,,
Nikolaev->Paradip/Haldia,Nikolaev,Paradip/Haldia,Supramax,2026-02-01,56.52,55.81,54.46,56.53,33000.0,4,2026-02-27,4.034594557816327,0.04099156539575783,0.05491290391436584,-0.020835910906548318,54.75666666666666,2.0463552966188483,0.03737180184973851,0.031695430931328164,0.816603317763319,,,,,,,,,,,,,,,,,
Nikolaev->Paradip/Haldia,Nikolaev,Paradip/Haldia,Supramax,2026-03-01,69.72,67.0425,62.53,69.72,33000.0,4,2026-03-27,4.24448722065182,0.20989266283549343,0.2508842282312512,0.2648055667498594,60.163333333333334,5.889528560646146,0.09789232468246682,0.1474241347437728,0.5926472307094257,,,,,,,,,,,,,,,,,
Richards Bay->Paradip,Richards Bay,Paradip,Supramax,2025-10-01,14.31,14.530000000000001,14.03,14.99,55000.0,5,2025-10-31,2.6609585935683597,,,,,,,,-0.5918695310159219,106.32,-0.053383846561227556,-0.025169659313300546,92.27,-0.010993859382405359,-0.016232552070975858,103.28,0.0348769464204106,0.11207463075385048,66.457,-0.0039146634428078786,-0.039674730588531534,19.22,9.202903225806452,254.0,0.0,0.0
Richards Bay->Paradip,Richards Bay,Paradip,Supramax,2025-11-01,13.97,14.2,13.97,14.35,55000.0,4,2025-11-28,2.6369121732688705,-0.0240464202994891,,,,,,,-0.6041050121252218,107.5,0.01103743316272771,-0.04901162358789887,91.58,-0.007506154361515097,-0.022196677852855704,103.53,0.002417679239634746,0.062473620802382016,63.04033333333,-0.05278038879017052,-0.0930864279672979,9.72,7.446333333333333,6.5,0.0,0.0
Richards Bay->Paradip,Richards Bay,Paradip,Supramax,2025-12-01,13.06,13.4775,13.06,14.02,55000.0,4,2025-12-26,2.569554123848285,-0.06735804942058549,-0.09140446972007459,,13.780000000000001,,,-0.053664141737227604,-0.5879125942246453,112.6,0.04635086813787257,0.004004454739372557,91.55,-0.0003276361084297011,-0.018827649852350033,102.48,-0.010193768189542944,0.027100857470502344,62.33633333333,-0.011230277813107344,-0.06792533004608578,10.21,6.944838709677419,0.0,0.0,0.0
Richards Bay->Paradip,Richards Bay,Paradip,Supramax,2026-01-01,13.96,12.91,12.32,13.96,55000.0,5,2026-01-30,2.6361960973342264,0.06664197348594142,-0.0007160759346439732,-0.02476249623413307,13.663333333333334,0.5353192194071373,0.039179254896838545,0.021480251486089882,-0.5557963150042218,,,,,,,,,,,,,9.34,6.809354838709678,1.5,0.0,0.0
Richards Bay->Paradip,Richards Bay,Paradip,Supramax,2026-02-01,14.47,14.21,14.01,14.47,55000.0,4,2026-02-27,2.6720775406433925,0.035881443309165956,0.10252341679510753,0.03516536737452206,13.83,0.5460128203623063,0.03948031962128028,0.045237394966725644,-0.5459136994096152,,,,,,,,,,,,,9.34,7.588214285714286,7.0,0.0,0.0
Richards Bay->Paradip,Richards Bay,Paradip,Supramax,2026-03-01,24.34,22.4375,18.01,24.34,55000.0,4,2026-03-27,3.1921210875593813,0.5200435469159885,0.5559249902251546,0.622566963711096,17.59,4.268099108502519,0.2426434967880909,0.32479052880991427,-0.45971890238301283,,,,,,,,,,,,,14.69,10.23225806451613,30.5,0.0,0.0
Vanino->Paradip,Vanino,Paradip,Supramax,2025-10-01,19.8,19.996000000000002,19.8,20.49,55000.0,5,2025-10-31,2.9856819377004897,,,,,,,,-0.2671461868837919,106.32,-0.053383846561227556,-0.025169659313300546,92.27,-0.010993859382405359,-0.016232552070975858,103.28,0.0348769464204106,0.11207463075385048,66.457,-0.0039146634428078786,-0.039674730588531534,19.22,9.202903225806452,254.0,0.0,0.0
Vanino->Paradip,Vanino,Paradip,Supramax,2025-11-01,19.8,19.8,19.8,19.8,55000.0,4,2025-11-28,2.9856819377004897,0.0,,,,,,,-0.2553352476936026,107.5,0.01103743316272771,-0.04901162358789887,91.58,-0.007506154361515097,-0.022196677852855704,103.53,0.002417679239634746,0.062473620802382016,63.04033333333,-0.05278038879017052,-0.0930864279672979,9.72,7.446333333333333,6.5,0.0,0.0
Vanino->Paradip,Vanino,Paradip,Supramax,2025-12-01,18.17,18.935000000000002,18.17,19.8,55000.0,4,2025-12-26,2.89977188240808,-0.08591005529240965,-0.08591005529240965,,19.256666666666668,,,-0.058085438716984565,-0.2576948356648505,112.6,0.04635086813787257,0.004004454739372557,91.55,-0.0003276361084297011,-0.018827649852350033,102.48,-0.010193768189542944,0.027100857470502344,62.33633333333,-0.011230277813107344,-0.06792533004608578,10.21,6.944838709677419,0.0,0.0,0.0
Vanino->Paradip,Vanino,Paradip,Supramax,2026-01-01,18.02,17.78,17.6,18.02,55000.0,5,2026-01-30,2.8914822521801917,-0.008289630227888058,-0.09419968552029773,-0.09419968552029773,18.66333333333333,0.9862851176679763,0.05284613954284568,-0.03507856251250023,-0.3005101601582565,,,,,,,,,,,,,9.34,6.809354838709678,1.5,0.0,0.0
Vanino->Paradip,Vanino,Paradip,Supramax,2026-02-01,18.02,17.9675,17.95,18.02,55000.0,4,2026-02-27,2.8914822521801917,0.0,-0.008289630227888058,-0.09419968552029773,18.07,0.9495367291474306,0.0525476883866868,-0.0027708524239453292,-0.326508987872816,,,,,,,,,,,,,9.34,7.588214285714286,7.0,0.0,0.0
Vanino->Paradip,Vanino,Paradip,Supramax,2026-03-01,38.6,29.634999999999998,20.13,38.6,55000.0,4,2026-03-27,3.653252276470785,0.7617700242905935,0.7617700242905935,0.7534803940627054,24.88,8.143238708687512,0.3273005911851894,0.43918800859980656,0.0014122865283909825,,,,,,,,,,,,,14.69,10.23225806451613,30.5,0.0,0.0
Xingang->Paradip,Xingang,Paradip,Handymax,2025-10-01,25.71,26.042,25.42,26.69,22000.0,5,2025-10-31,3.246880021277798,,,,,,,,0.0,106.32,-0.053383846561227556,-0.025169659313300546,92.27,-0.010993859382405359,-0.016232552070975858,103.28,0.0348769464204106,0.11207463075385048,66.457,-0.0039146634428078786,-0.039674730588531534,19.22,9.202903225806452,254.0,0.0,0.0
Xingang->Paradip,Xingang,Paradip,Handymax,2025-11-01,25.3,25.61,25.3,25.79,22000.0,4,2025-11-28,3.2308043957334744,-0.01607562554432352,,,,,,,0.0,107.5,0.01103743316272771,-0.04901162358789887,91.58,-0.007506154361515097,-0.022196677852855704,103.53,0.002417679239634746,0.062473620802382016,63.04033333333,-0.05278038879017052,-0.0930864279672979,9.72,7.446333333333333,6.5,0.0,0.0
Xingang->Paradip,Xingang,Paradip,Handymax,2025-12-01,22.77,23.9925,22.77,25.35,22000.0,4,2025-12-26,3.125443880075648,-0.1053605156578264,-0.12143614120214996,,24.593333333333334,,,-0.07703152342477164,0.0,112.6,0.04635086813787257,0.004004454739372557,91.55,-0.0003276361084297011,-0.018827649852350033,102.48,-0.010193768189542944,0.027100857470502344,62.33633333333,-0.011230277813107344,-0.06792533004608578,10.21,6.944838709677419,0.0,0.0,0.0
Xingang->Paradip,Xingang,Paradip,Handymax,2026-01-01,24.66,22.72,21.62,24.66,22000.0,5,2026-01-30,3.2051824977361982,0.07973861766054996,-0.02562189799727639,-0.0416975235415999,24.243333333333336,1.3005383500689254,0.05364519524552146,0.01704083223785846,0.0,,,,,,,,,,,,,9.34,6.809354838709678,1.5,0.0,0.0
Xingang->Paradip,Xingang,Paradip,Handymax,2026-02-01,25.09,24.86,24.69,25.09,22000.0,4,2026-02-27,3.222469360378331,0.01728686264213257,0.0970254803026827,-0.008335035355143695,24.173333333333336,1.1465731551017588,0.04743132191540646,0.0372192631597903,0.0,,,,,,,,,,,,,9.34,7.588214285714286,7.0,0.0,0.0
Xingang->Paradip,Xingang,Paradip,Handymax,2026-03-01,37.16,35.0875,29.72,37.16,22000.0,4,2026-03-27,3.6152329139456376,0.39276355356730674,0.41005041620943944,0.48978903386998945,28.97,5.186719258516567,0.17903759953457257,0.24897210216437865,0.0,,,,,,,,,,,,,14.69,10.23225806451613,30.5,0.0,0.0
Xingang->Paradip,Xingang,Paradip,Panamax,2025-10-01,15.61,15.812000000000001,15.44,16.2,44000.0,5,2025-10-31,2.7479117345273405,,,,,,,,-0.59700331571681,106.32,-0.053383846561227556,-0.025169659313300546,92.27,-0.010993859382405359,-0.016232552070975858,103.28,0.0348769464204106,0.11207463075385048,66.457,-0.0039146634428078786,-0.039674730588531534,19.22,9.202903225806452,254.0,0.0,0.0
Xingang->Paradip,Xingang,Paradip,Panamax,2025-11-01,15.37,15.5525,15.37,15.66,44000.0,4,2025-11-28,2.7324175575505043,-0.015494176976836232,,,,,,,-0.6016255535950075,107.5,0.01103743316272771,-0.04901162358789887,91.58,-0.007506154361515097,-0.022196677852855704,103.53,0.002417679239634746,0.062473620802382016,63.04033333333,-0.05278038879017052,-0.0930864279672979,9.72,7.446333333333333,6.5,0.0,0.0
Xingang->Paradip,Xingang,Paradip,Panamax,2025-12-01,13.85,14.5875,13.85,15.4,44000.0,4,2025-12-26,2.6282852326333477,-0.10413232491715696,-0.11962650189399322,,14.943333333333333,,,-0.07598003686589096,-0.609626199206359,112.6,0.04635086813787257,0.004004454739372557,91.55,-0.0003276361084297011,-0.018827649852350033,102.48,-0.010193768189542944,0.027100857470502344,62.33633333333,-0.011230277813107344,-0.06792533004608578,10.21,6.944838709677419,0.0,0.0,0.0
Xingang->Paradip,Xingang,Paradip,Panamax,2026-01-01,14.37,13.575999999999999,13.16,14.37,44000.0,5,2026-01-30,2.6651427000909336,0.036857467457585925,-0.06727485745957094,-0.0827690344364072,14.53,0.8303412952916802,0.057146682401354454,-0.011072777491258002,-0.592402322675254,,,,,,,,,,,,,9.34,6.809354838709678,1.5,0.0,0.0
Xingang->Paradip,Xingang,Paradip,Panamax,2026-02-01,14.62,14.4875,14.39,14.62,44000.0,4,2026-02-27,2.6823904543216326,0.01724775423069882,0.05410522168828485,-0.050027103228871994,14.280000000000001,0.7235882807232293,0.050671448229918016,0.023530497410194036,-0.6067147415526475,,,,,,,,,,,,,9.34,7.588214285714286,7.0,0.0,0.0
Xingang->Paradip,Xingang,Paradip,Panamax,2026-03-01,22.89,21.375,17.94,22.89,44000.0,4,2026-03-27,3.1307001339644756,0.448309679642843,0.46555743387354187,0.5024149013311279,17.293333333333333,3.379966962363193,0.19544913043734732,0.28037906318434197,-0.5042584829893131,,,,,,,,,,,,,14.69,10.23225806451613,30.5,0.0,0.0
Xingang->Paradip,Xingang,Paradip,Supramax,2025-10-01,17.34,17.566,17.12,18.02,38000.0,5,2025-10-31,2.853015971352396,,,,,,,,-0.3998121532318857,106.32,-0.053383846561227556,-0.025169659313300546,92.27,-0.010993859382405359,-0.016232552070975858,103.28,0.0348769464204106,0.11207463075385048,66.457,-0.0039146634428078786,-0.039674730588531534,19.22,9.202903225806452,254.0,0.0,0.0
Xingang->Paradip,Xingang,Paradip,Supramax,2025-11-01,17.04,17.2675,17.04,17.4,38000.0,4,2025-11-28,2.8355635214011694,-0.017452449951226166,,,,,,,-0.40545366399292293,107.5,0.01103743316272771,-0.04901162358789887,91.58,-0.007506154361515097,-0.022196677852855704,103.53,0.002417679239634746,0.062473620802382016,63.04033333333,-0.05278038879017052,-0.0930864279672979,9.72,7.446333333333333,6.5,0.0,0.0
Xingang->Paradip,Xingang,Paradip,Supramax,2025-12-01,15.42,16.195,15.42,17.07,38000.0,4,2025-12-26,2.7356653681351832,-0.09989815326598622,-0.1173506032172124,,16.599999999999998,,,-0.07373732722731396,-0.4218013499377471,112.6,0.04635086813787257,0.004004454739372557,91.55,-0.0003276361084297011,-0.018827649852350033,102.48,-0.010193768189542944,0.027100857470502344,62.33633333333,-0.011230277813107344,-0.06792533004608578,10.21,6.944838709677419,0.0,0.0,0.0
Xingang->Paradip,Xingang,Paradip,Supramax,2026-01-01,16.4,15.290000000000001,14.67,16.4,38000.0,5,2026-01-30,2.797281334830153,0.061615966694969306,-0.038282186571016924,-0.05573463652224319,16.286666666666665,0.8492349498224845,0.052142956395158695,0.006934557668668006,-0.39471107750829537,,,,,,,,,,,,,9.34,6.809354838709678,1.5,0.0,0.0
Xingang->Paradip,Xingang,Paradip,Supramax,2026-02-01,16.72,16.552500000000002,16.43,16.72,38000.0,4,2026-02-27,2.8166056076565553,0.019324272826402842,0.08094023952137207,-0.01895791374461416,16.179999999999996,0.739378117068661,0.045697040609929615,0.032829696026210116,-0.4013856323964524,,,,,,,,,,,,,9.34,7.588214285714286,7.0,0.0,0.0
Xingang->Paradip,Xingang,Paradip,Supramax,2026-03-01,26.38,24.575,20.32,26.38,38000.0,4,2026-03-27,3.2726061472891685,0.45600053963261294,0.47532481245901587,0.5369407791539851,19.833333333333332,4.0535104127986,0.20437867627555967,0.28524212340569416,-0.3792338426532256,,,,,,,,,,,,,14.69,10.23225806451613,30.5,0.0,0.0
Xingang->Paradip/Haldia,Xingang,Paradip/Haldia,Panamax,2025-10-01,17.5,17.714,17.33,18.12,44000.0,5,2025-10-31,2.8622008809294686,,,,,,,,-0.4827141693146819,106.32,-0.053383846561227556,-0.025169659313300546,92.27,-0.010993859382405359,-0.016232552070975858,103.28,0.0348769464204106,0.11207463075385048,66.457,-0.0039146634428078786,-0.039674730588531534,,,,,
Xingang->Paradip/Haldia,Xingang,Paradip/Haldia,Panamax,2025-11-01,17.25,17.44,17.25,17.55,44000.0,4,2025-11-28,2.847812143477369,-0.014388737452099556,,,,,,,-0.4862309676681429,107.5,0.01103743316272771,-0.04901162358789887,91.58,-0.007506154361515097,-0.022196677852855704,103.53,0.002417679239634746,0.062473620802382016,63.04033333333,-0.05278038879017052,-0.0930864279672979,,,,,
Xingang->Paradip/Haldia,Xingang,Paradip/Haldia,Panamax,2025-12-01,15.62,16.4075,15.62,17.28,44000.0,4,2025-12-26,2.7485521444115397,-0.09925999906582889,-0.11364873651792846,,16.79,,,-0.07223132667790949,-0.4893592874281669,112.6,0.04635086813787257,0.004004454739372557,91.55,-0.0003276361084297011,-0.018827649852350033,102.48,-0.010193768189542944,0.027100857470502344,62.33633333333,-0.011230277813107344,-0.06792533004608578,,,,,
Xingang->Paradip/Haldia,Xingang,Paradip/Haldia,Panamax,2026-01-01,16.16,15.318000000000001,14.88,16.16,44000.0,5,2026-01-30,2.7825390530929495,0.03398690868140941,-0.06527309038441938,-0.07966182783651898,16.343333333333334,0.8911182113876176,0.054524875263366364,-0.011281013902082937,-0.47500596967323805,,,,,,,,,,,,,,,,,
Xingang->Paradip/Haldia,Xingang,Paradip/Haldia,Panamax,2026-02-01,16.42,16.285,16.18,16.42,44000.0,4,2026-02-27,2.7985001040242823,0.015961050931332967,0.049947959612742496,-0.04931203945308648,16.066666666666666,0.7775602870517501,0.04839586848869814,0.021753371635837373,-0.4906050918499978,,,,,,,,,,,,,,,,,
Xingang->Paradip/Haldia,Xingang,Paradip/Haldia,Panamax,2026-03-01,25.14,23.5425,19.94,25.14,44000.0,4,2026-03-27,3.2244602031621015,0.4259600991378191,0.441921150069152,0.47590805875056147,19.240000000000002,3.5591333214702705,0.18498613936955666,0.2674687579245408,-0.41049841379168717,,,,,,,,,,,,,,,,,
Xingang->Paradip/Haldia,Xingang,Paradip/Haldia,Supramax,2025-10-01,18.73,18.966,18.5,19.44,38000.0,5,2025-10-31,2.930126516455997,,,,,,,,-0.3227016081282845,106.32,-0.053383846561227556,-0.025169659313300546,92.27,-0.010993859382405359,-0.016232552070975858,103.28,0.0348769464204106,0.11207463075385048,66.457,-0.0039146634428078786,-0.039674730588531534,,,,,
Xingang->Paradip/Haldia,Xingang,Paradip/Haldia,Supramax,2025-11-01,18.41,18.65,18.41,18.79,38000.0,4,2025-11-28,2.9128939952449864,-0.01723252121101065,,,,,,,-0.32812319014910596,107.5,0.01103743316272771,-0.04901162358789887,91.58,-0.007506154361515097,-0.022196677852855704,103.53,0.002417679239634746,0.062473620802382016,63.04033333333,-0.05278038879017052,-0.0930864279672979,,,,,
Xingang->Paradip/Haldia,Xingang,Paradip/Haldia,Supramax,2025-12-01,16.72,17.53,16.72,18.45,38000.0,4,2025-12-26,2.8166056076565553,-0.09628838758843104,-0.11352090879944161,,17.953333333333333,,,-0.07117019105878765,-0.340861110416375,112.6,0.04635086813787257,0.004004454739372557,91.55,-0.0003276361084297011,-0.018827649852350033,102.48,-0.010193768189542944,0.027100857470502344,62.33633333333,-0.011230277813107344,-0.06792533004608578,,,,,
Xingang->Paradip/Haldia,Xingang,Paradip/Haldia,Supramax,2026-01-01,17.74,16.572,15.92,17.74,38000.0,5,2026-01-30,2.8758219768814333,0.05921636922487783,-0.0370720183635532,-0.05430453957456387,17.62333333333333,0.8882567196480989,0.05040231055313594,0.006598195302184198,-0.31617043545701495,,,,,,,,,,,,,,,,,
Xingang->Paradip/Haldia,Xingang,Paradip/Haldia,Supramax,2026-02-01,18.07,17.892500000000002,17.76,18.07,38000.0,4,2026-02-27,2.8942531046041373,0.018431127722703902,0.07764749694758163,-0.018640890640849315,17.51,0.7730006468302606,0.04414623911080871,0.0314809583063766,-0.3237381354488704,,,,,,,,,,,,,,,,,
Xingang->Paradip/Haldia,Xingang,Paradip/Haldia,Supramax,2026-03-01,28.19,26.295,21.84,28.19,38000.0,4,2026-03-27,3.338967305126021,0.44471420052188404,0.46314532824458793,0.5223616974694657,21.333333333333332,4.2436949309141765,0.19892319988660204,0.2786965104344591,-0.312872684816373,,,,,,,,,,,,,,,,,
