port,snapshot_date,vessels_in_lineup,queue_waiting,vessels_awaiting_berth,vessels_working,vessels_expected,cargo_tonnage,working_import,working_export,working_both,arrivals_next_7d,berths_total,berth_occupancy,queue_ratio,weather_wind_max_kt,weather_precip_mm,weather_gale_days
CHENNAI,2026-08-10,11,0,0,1,10,85716.0,0.0,0.0,1.0,8,29.0,0.034482758620689655,0.0,,,
CHENNAI,2026-08-11,11,0,0,1,10,85716.0,0.0,0.0,1.0,8,29.0,0.034482758620689655,0.0,,,
CHENNAI,2026-08-12,15,0,0,1,14,113376.0,,,,12,29.0,0.034482758620689655,0.0,,,
CHENNAI,2026-08-13,14,0,0,2,12,111664.0,,,,12,29.0,0.06896551724137931,0.0,,,
CHENNAI,2026-08-17,7,0,0,3,4,26834.0,0.0,0.0,1.0,5,29.0,0.10344827586206896,0.0,,,
CHENNAI,2026-08-18,7,2,2,1,4,53114.0,,,,4,29.0,0.034482758620689655,2.0,,,
CHENNAI,2026-08-21,7,1,1,4,2,44166.0,,,,2,29.0,0.13793103448275862,0.25,,,
CHENNAI,2026-08-24,15,1,1,2,12,74919.0,,,,10,29.0,0.06896551724137931,0.5,,,
CHENNAI,2026-08-25,15,1,1,3,11,61524.0,,,,12,29.0,0.10344827586206896,0.3333333333333333,,,
CHENNAI,2026-08-26,14,1,1,4,9,58971.0,0.0,0.0,1.0,10,29.0,0.13793103448275862,0.25,,,
CHENNAI,2026-08-27,12,1,1,2,9,43173.0,0.0,0.0,1.0,9,29.0,0.06896551724137931,0.5,,,
CHENNAI,2026-08-31,14,3,3,4,7,102484.0,,,,7,29.0,0.13793103448275862,0.75,,,
DHAMRA,2026-08-10,20,4,4,5,11,839460.0,2.0,3.0,0.0,10,14.0,0.35714285714285715,0.8,12.96,252.2,0.0
DHAMRA,2026-08-11,20,5,5,5,10,849460.0,3.0,2.0,0.0,8,14.0,0.35714285714285715,1.0,12.96,252.2,0.0
DHAMRA,2026-08-12,21,6,6,5,10,865460.0,3.0,2.0,0.0,8,14.0,0.35714285714285715,1.2,12.96,252.2,0.0
DHAMRA,2026-08-13,21,7,7,6,8,820460.0,4.0,2.0,0.0,7,14.0,0.42857142857142855,1.1666666666666667,12.96,252.2,0.0
DHAMRA,2026-08-17,21,8,8,5,8,913000.0,1.0,4.0,0.0,7,14.0,0.35714285714285715,1.6,13.39,127.7,0.0
DHAMRA,2026-08-18,21,8,8,5,8,913000.0,1.0,4.0,0.0,6,14.0,0.35714285714285715,1.6,13.39,127.7,0.0
DHAMRA,2026-08-21,21,4,4,5,12,1001123.0,1.0,4.0,0.0,12,14.0,0.35714285714285715,0.8,13.39,127.7,0.0
DHAMRA,2026-08-24,18,6,6,7,5,701522.0,2.0,5.0,0.0,5,14.0,0.5,0.8571428571428571,10.96,194.1,0.0
DHAMRA,2026-08-25,18,5,5,7,6,788521.0,2.0,5.0,0.0,6,14.0,0.5,0.7142857142857143,10.96,194.1,0.0
DHAMRA,2026-08-26,17,5,5,7,5,625521.0,2.0,5.0,0.0,4,14.0,0.5,0.7142857142857143,10.96,194.1,0.0
DHAMRA,2026-08-27,15,7,7,6,2,515998.0,2.0,4.0,0.0,2,14.0,0.42857142857142855,1.1666666666666667,10.96,194.1,0.0
DHAMRA,2026-08-31,13,1,1,7,5,560999.0,5.0,2.0,0.0,3,14.0,0.5,0.14285714285714285,11.77,68.3,0.0
ENNORE,2026-08-10,17,3,3,5,9,806863.0,,,,8,9.0,0.5555555555555556,0.6,,,
ENNORE,2026-08-11,14,1,1,5,8,691863.0,,,,8,9.0,0.5555555555555556,0.2,,,
ENNORE,2026-08-12,18,1,1,4,13,908459.0,,,,13,9.0,0.4444444444444444,0.25,,,
ENNORE,2026-08-13,22,0,0,5,17,966259.0,,,,14,9.0,0.5555555555555556,0.0,,,
ENNORE,2026-08-17,16,5,5,4,7,725959.0,,,,5,9.0,0.4444444444444444,1.25,,,
ENNORE,2026-08-18,14,3,3,4,7,573847.0,,,,5,9.0,0.4444444444444444,0.75,,,
ENNORE,2026-08-21,14,5,5,5,4,631289.0,,,,2,9.0,0.5555555555555556,1.0,,,
ENNORE,2026-08-24,19,6,6,5,8,673437.0,,,,10,9.0,0.5555555555555556,1.2,,,
ENNORE,2026-08-25,22,6,6,5,11,767637.0,,,,9,9.0,0.5555555555555556,1.2,,,
ENNORE,2026-08-26,21,7,7,5,9,746837.0,,,,7,9.0,0.5555555555555556,1.4,,,
ENNORE,2026-08-27,19,6,6,6,7,551848.0,,,,6,9.0,0.6666666666666666,1.0,,,
ENNORE,2026-08-31,13,3,3,4,6,388904.0,,,,5,9.0,0.4444444444444444,0.75,,,
GANGAVARAM,2026-08-10,11,1,1,7,3,704119.0,,,,3,17.0,0.4117647058823529,0.14285714285714285,13.34,18.9,0.0
GANGAVARAM,2026-08-11,12,1,1,6,5,767969.0,,,,7,17.0,0.35294117647058826,0.16666666666666666,13.34,18.9,0.0
GANGAVARAM,2026-08-12,12,1,1,6,5,728451.0,,,,6,17.0,0.35294117647058826,0.16666666666666666,13.34,18.9,0.0
GANGAVARAM,2026-08-13,10,1,1,6,3,487082.74,,,,3,17.0,0.35294117647058826,0.16666666666666666,13.34,18.9,0.0
GANGAVARAM,2026-08-17,4,0,0,1,3,222862.74,,,,3,17.0,0.058823529411764705,0.0,14.04,29.0,0.0
GANGAVARAM,2026-08-18,9,0,0,4,5,501362.74,,,,7,17.0,0.23529411764705882,0.0,14.04,29.0,0.0
GANGAVARAM,2026-08-21,11,1,1,3,7,538199.887,,,,8,17.0,0.17647058823529413,0.3333333333333333,14.04,29.0,0.0
GANGAVARAM,2026-08-24,9,0,0,3,6,517415.887,,,,7,17.0,0.17647058823529413,0.0,14.58,43.1,0.0
GANGAVARAM,2026-08-25,10,0,0,4,6,589613.887,,,,6,17.0,0.23529411764705882,0.0,14.58,43.1,0.0
GANGAVARAM,2026-08-26,13,0,0,4,9,717634.887,,,,7,17.0,0.23529411764705882,0.0,14.58,43.1,0.0
GANGAVARAM,2026-08-27,13,0,0,5,8,727634.887,,,,8,17.0,0.29411764705882354,0.0,14.58,43.1,0.0
GANGAVARAM,2026-08-31,15,0,0,8,7,826032.733,,,,7,17.0,0.47058823529411764,0.0,14.31,13.4,0.0
GOPALPUR,2026-08-10,4,0,0,1,3,169622.0,,,,2,3.0,0.3333333333333333,0.0,11.23,80.1,0.0
GOPALPUR,2026-08-11,3,0,0,0,3,146831.0,,,,2,3.0,0.0,0.0,11.23,80.1,0.0
GOPALPUR,2026-08-12,3,0,0,0,3,146831.0,,,,3,3.0,0.0,0.0,11.23,80.1,0.0
GOPALPUR,2026-08-13,4,0,0,0,4,225250.0,,,,4,3.0,0.0,0.0,11.23,80.1,0.0
GOPALPUR,2026-08-17,3,1,1,0,2,192928.0,,,,3,3.0,0.0,0.0,10.1,121.0,0.0
GOPALPUR,2026-08-18,4,0,0,1,3,247808.0,,,,3,3.0,0.3333333333333333,0.0,10.1,121.0,0.0
GOPALPUR,2026-08-21,3,1,1,2,0,207808.0,,,,0,3.0,0.6666666666666666,0.5,10.1,121.0,0.0
GOPALPUR,2026-08-24,3,1,1,2,0,207808.0,,,,0,3.0,0.6666666666666666,0.5,10.69,66.8,0.0
GOPALPUR,2026-08-25,2,1,1,1,0,129389.0,,,,0,3.0,0.3333333333333333,1.0,10.69,66.8,0.0
GOPALPUR,2026-08-26,2,0,0,2,0,129389.0,,,,0,3.0,0.6666666666666666,0.0,10.69,66.8,0.0
GOPALPUR,2026-08-27,2,0,0,2,0,129389.0,,,,0,3.0,0.6666666666666666,0.0,10.69,66.8,0.0
GOPALPUR,2026-08-31,2,0,0,1,1,129880.0,,,,1,3.0,0.3333333333333333,0.0,11.34,25.6,0.0
HALDIA,2026-08-10,18,2,5,6,7,512462.0,5.0,1.0,0.0,11,19.0,0.3157894736842105,0.3333333333333333,12.2,267.3,0.0
HALDIA,2026-08-11,19,5,5,4,10,527672.0,4.0,0.0,0.0,13,19.0,0.21052631578947367,1.25,12.2,267.3,0.0
HALDIA,2026-08-12,19,1,1,7,11,530499.0,7.0,0.0,0.0,10,19.0,0.3684210526315789,0.14285714285714285,12.2,267.3,0.0
HALDIA,2026-08-13,26,2,2,7,17,746053.0,7.0,0.0,0.0,16,19.0,0.3684210526315789,0.2857142857142857,12.2,267.3,0.0
HALDIA,2026-08-17,27,2,2,6,19,738027.0,5.0,1.0,0.0,20,19.0,0.3157894736842105,0.3333333333333333,16.04,84.3,0.0
HALDIA,2026-08-18,27,4,6,6,15,767666.0,5.0,1.0,0.0,17,19.0,0.3157894736842105,0.6666666666666666,16.04,84.3,0.0
HALDIA,2026-08-21,25,4,4,8,13,691524.0,8.0,0.0,0.0,14,19.0,0.42105263157894735,0.5,16.04,84.3,0.0
HALDIA,2026-08-24,17,4,5,5,7,430785.0,5.0,0.0,0.0,8,19.0,0.2631578947368421,0.8,12.63,117.1,0.0
HALDIA,2026-08-25,21,4,4,6,11,551988.0,6.0,0.0,0.0,11,19.0,0.3157894736842105,0.6666666666666666,12.63,117.1,0.0
HALDIA,2026-08-26,22,3,3,6,13,606931.0,6.0,0.0,0.0,14,19.0,0.3157894736842105,0.5,12.63,117.1,0.0
HALDIA,2026-08-27,20,3,3,6,11,553201.0,6.0,0.0,0.0,12,19.0,0.3157894736842105,0.5,12.63,117.1,0.0
HALDIA,2026-08-31,16,2,3,3,10,357950.0,3.0,0.0,0.0,9,19.0,0.15789473684210525,0.6666666666666666,11.83,82.9,0.0
KAKINADA,2026-08-10,21,8,9,0,12,451196.0,,,,10,,,0.0,,,
KAKINADA,2026-08-11,17,4,5,0,12,391335.0,,,,11,,,0.0,,,
KAKINADA,2026-08-12,16,6,7,0,9,316335.0,,,,9,,,0.0,,,
KAKINADA,2026-08-13,18,3,4,0,14,414220.0,,,,12,,,0.0,,,
KAKINADA,2026-08-17,25,7,8,0,17,553559.0,,,,17,,,0.0,,,
KAKINADA,2026-08-18,24,7,8,0,16,475560.0,,,,15,,,0.0,,,
KAKINADA,2026-08-21,24,7,8,0,16,336876.0,,,,15,,,0.0,,,
KAKINADA,2026-08-24,25,9,10,0,15,556096.0,,,,14,,,0.0,,,
KAKINADA,2026-08-25,17,3,4,0,13,432596.0,,,,12,,,0.0,,,
KAKINADA,2026-08-26,18,3,4,0,14,371373.0,,,,13,,,0.0,,,
KAKINADA,2026-08-27,21,4,5,0,16,504358.0,,,,15,,,0.0,,,
KAKINADA,2026-08-31,24,5,6,0,18,562451.0,,,,16,,,0.0,,,
KARAIKAL,2026-08-10,4,0,0,0,4,282700.0,,,,4,4.0,0.0,0.0,,,
KARAIKAL,2026-08-11,4,0,0,0,4,282700.0,,,,4,4.0,0.0,0.0,,,
KARAIKAL,2026-08-12,6,0,0,1,5,381270.0,1.0,0.0,0.0,6,4.0,0.25,0.0,,,
KARAIKAL,2026-08-13,6,0,0,1,5,381270.0,1.0,0.0,0.0,5,4.0,0.25,0.0,,,
KARAIKAL,2026-08-17,6,0,0,3,3,340917.0,3.0,0.0,0.0,3,4.0,0.75,0.0,,,
KARAIKAL,2026-08-18,7,0,0,3,4,412231.0,3.0,0.0,0.0,4,4.0,0.75,0.0,,,
KARAIKAL,2026-08-21,5,0,0,3,2,280661.0,3.0,0.0,0.0,3,4.0,0.75,0.0,,,
KARAIKAL,2026-08-24,2,0,0,1,1,119000.0,1.0,0.0,0.0,1,4.0,0.25,0.0,,,
KARAIKAL,2026-08-25,1,0,0,0,1,77000.0,,,,1,4.0,0.0,0.0,,,
KARAIKAL,2026-08-26,1,0,0,0,1,77000.0,,,,1,4.0,0.0,0.0,,,
KARAIKAL,2026-08-27,2,0,0,0,2,157027.0,,,,2,4.0,0.0,0.0,,,
KARAIKAL,2026-08-31,2,0,0,1,1,157027.0,1.0,0.0,0.0,1,4.0,0.25,0.0,,,
KATTUPALLI,2026-08-12,2,0,0,1,1,90800.0,,,,1,1.0,1.0,0.0,,,
KATTUPALLI,2026-08-13,1,0,0,0,1,60500.0,,,,1,1.0,0.0,0.0,,,
KATTUPALLI,2026-08-17,2,0,0,0,2,116500.0,,,,2,1.0,0.0,0.0,,,
KATTUPALLI,2026-08-18,2,0,0,1,1,116500.0,,,,1,1.0,1.0,0.0,,,
KATTUPALLI,2026-08-21,2,0,0,1,1,116500.0,,,,1,1.0,1.0,0.0,,,
KATTUPALLI,2026-08-24,3,0,0,1,2,131000.0,,,,1,1.0,1.0,0.0,,,
KATTUPALLI,2026-08-25,2,0,0,1,1,75000.0,,,,0,1.0,1.0,0.0,,,
KATTUPALLI,2026-08-26,1,0,0,0,1,14500.0,,,,1,1.0,0.0,0.0,,,
KATTUPALLI,2026-08-27,1,0,0,0,1,14500.0,,,,1,1.0,0.0,0.0,,,
KATTUPALLI,2026-08-31,1,0,0,0,1,14500.0,,,,1,1.0,0.0,0.0,,,
KRISHNAPATNAM,2026-08-10,26,0,0,9,17,1464263.195,,,,12,14.0,0.6428571428571429,0.0,,,
KRISHNAPATNAM,2026-08-11,30,0,0,10,20,1860656.195,,,,18,14.0,0.7142857142857143,0.0,,,
KRISHNAPATNAM,2026-08-12,32,0,0,8,24,1922076.798,,,,23,14.0,0.5714285714285714,0.0,,,
KRISHNAPATNAM,2026-08-13,33,0,0,8,25,1934654.798,,,,24,14.0,0.5714285714285714,0.0,,,
KRISHNAPATNAM,2026-08-17,28,2,2,11,15,1568435.067,,,,16,14.0,0.7857142857142857,0.18181818181818182,,,
KRISHNAPATNAM,2026-08-18,29,1,1,11,17,1569845.236,,,,17,14.0,0.7857142857142857,0.09090909090909091,,,
KRISHNAPATNAM,2026-08-21,33,6,6,11,16,1883992.943,,,,19,14.0,0.7857142857142857,0.5454545454545454,,,
KRISHNAPATNAM,2026-08-24,34,4,4,11,19,1960249.506,,,,17,14.0,0.7857142857142857,0.36363636363636365,,,
KRISHNAPATNAM,2026-08-25,30,2,2,11,17,1809391.506,,,,15,14.0,0.7857142857142857,0.18181818181818182,,,
KRISHNAPATNAM,2026-08-26,32,4,4,11,17,1921111.7289999998,,,,18,14.0,0.7857142857142857,0.36363636363636365,,,
KRISHNAPATNAM,2026-08-27,29,5,5,10,14,1796051.31,,,,13,14.0,0.7142857142857143,0.5,,,
KRISHNAPATNAM,2026-08-31,25,2,2,9,14,1511323.3260000001,,,,13,14.0,0.6428571428571429,0.2222222222222222,,,
PARADIP,2026-08-10,46,0,46,0,46,2717333.0,,,,0,,,0.0,10.96,253.3,0.0
PARADIP,2026-08-11,47,0,47,0,47,2691847.0,,,,0,,,0.0,10.96,253.3,0.0
PARADIP,2026-08-12,49,0,49,0,49,2774539.0,,,,0,,,0.0,10.96,253.3,0.0
PARADIP,2026-08-13,52,0,52,0,52,2834838.0,,,,0,,,0.0,10.96,253.3,0.0
PARADIP,2026-08-17,47,0,47,0,47,1930800.0,,,,0,,,0.0,12.15,207.89999999999998,0.0
PARADIP,2026-08-18,50,0,50,0,50,2161866.0,,,,0,,,0.0,12.15,207.89999999999998,0.0
PARADIP,2026-08-21,42,0,42,0,42,1717572.0,,,,0,,,0.0,12.15,207.89999999999998,0.0
PARADIP,2026-08-24,48,0,48,0,48,2282129.0,,,,0,,,0.0,12.69,188.6,0.0
PARADIP,2026-08-25,49,0,49,0,49,2311201.0,,,,0,,,0.0,12.69,188.6,0.0
PARADIP,2026-08-26,49,0,49,0,49,2329517.0,,,,0,,,0.0,12.69,188.6,0.0
PARADIP,2026-08-27,45,0,45,0,45,2161723.0,,,,0,,,0.0,12.69,188.6,0.0
PARADIP,2026-08-31,40,0,40,0,40,1647589.0,,,,0,,,0.0,11.5,69.2,0.0
SAGAR,2026-08-10,8,0,2,6,0,0.0,,,,2,,,0.0,16.36,337.3,0.0
SAGAR,2026-08-11,8,0,2,6,0,0.0,,,,1,,,0.0,16.36,337.3,0.0
SAGAR,2026-08-12,8,0,2,6,0,0.0,,,,1,,,0.0,16.36,337.3,0.0
SAGAR,2026-08-13,8,0,2,6,0,0.0,,,,2,,,0.0,16.36,337.3,0.0
SAGAR,2026-08-17,7,0,1,6,0,0.0,,,,1,,,0.0,20.9,76.6,0.0
SAGAR,2026-08-18,7,0,1,6,0,0.0,,,,1,,,0.0,20.9,76.6,0.0
SAGAR,2026-08-21,7,0,1,6,0,0.0,,,,1,,,0.0,20.9,76.6,0.0
SAGAR,2026-08-24,7,0,1,6,0,0.0,,,,1,,,0.0,16.63,106.7,0.0
SAGAR,2026-08-25,7,0,1,6,0,0.0,,,,1,,,0.0,16.63,106.7,0.0
SAGAR,2026-08-26,7,0,1,6,0,0.0,,,,1,,,0.0,16.63,106.7,0.0
SAGAR,2026-08-27,7,0,1,6,0,0.0,,,,1,,,0.0,16.63,106.7,0.0
SAGAR,2026-08-31,8,2,2,6,0,0.0,,,,1,,,0.3333333333333333,16.04,66.8,0.0
VISAKHAPATNAM,2026-08-10,66,6,6,18,42,2518371.0,0.0,0.0,2.0,36,43.0,0.4186046511627907,0.3333333333333333,10.37,35.6,0.0
VISAKHAPATNAM,2026-08-11,67,10,10,19,38,2470499.0,0.0,0.0,2.0,35,43.0,0.4418604651162791,0.5263157894736842,10.37,35.6,0.0
VISAKHAPATNAM,2026-08-12,62,4,4,20,38,2401743.0,0.0,0.0,1.0,31,43.0,0.46511627906976744,0.2,10.37,35.6,0.0
VISAKHAPATNAM,2026-08-13,57,8,8,16,33,2471702.0,,,,27,43.0,0.37209302325581395,0.5,10.37,35.6,0.0
VISAKHAPATNAM,2026-08-17,67,10,10,21,36,2536354.546,0.0,0.0,3.0,28,43.0,0.4883720930232558,0.47619047619047616,10.21,45.4,0.0
VISAKHAPATNAM,2026-08-18,71,9,9,25,37,2626110.546,0.0,0.0,2.0,32,43.0,0.5813953488372093,0.36,10.21,45.4,0.0
VISAKHAPATNAM,2026-08-21,70,11,11,18,41,2145314.0,0.0,0.0,2.0,36,43.0,0.4186046511627907,0.6111111111111112,10.21,45.4,0.0
VISAKHAPATNAM,2026-08-24,71,12,12,21,38,2483856.0,0.0,0.0,2.0,34,43.0,0.4883720930232558,0.5714285714285714,11.72,44.8,0.0
VISAKHAPATNAM,2026-08-25,72,8,8,25,39,2660287.0,0.0,0.0,3.0,34,43.0,0.5813953488372093,0.32,11.72,44.8,0.0
VISAKHAPATNAM,2026-08-26,70,9,9,22,39,2620605.33,0.0,0.0,2.0,36,43.0,0.5116279069767442,0.4090909090909091,11.72,44.8,0.0
VISAKHAPATNAM,2026-08-27,70,9,9,21,40,2512007.0,0.0,0.0,2.0,33,43.0,0.4883720930232558,0.42857142857142855,11.72,44.8,0.0
VISAKHAPATNAM,2026-08-31,65,11,11,19,35,2322142.407,0.0,0.0,1.0,27,43.0,0.4418604651162791,0.5789473684210527,11.12,22.8,0.0
